dataset	team	run_id	Precision	Recall	F1	Precision Self-direction: thought	Recall Self-direction: thought	F1 Self-direction: thought	Precision Self-direction: action	Recall Self-direction: action	F1 Self-direction: action	Precision Stimulation	Recall Stimulation	F1 Stimulation	Precision Hedonism	Recall Hedonism	F1 Hedonism	Precision Achievement	Recall Achievement	F1 Achievement	Precision Power: dominance	Recall Power: dominance	F1 Power: dominance	Precision Power: resources	Recall Power: resources	F1 Power: resources	Precision Face	Recall Face	F1 Face	Precision Security: personal	Recall Security: personal	F1 Security: personal	Precision Security: societal	Recall Security: societal	F1 Security: societal	Precision Tradition	Recall Tradition	F1 Tradition	Precision Conformity: rules	Recall Conformity: rules	F1 Conformity: rules	Precision Conformity: interpersonal	Recall Conformity: interpersonal	F1 Conformity: interpersonal	Precision Humility	Recall Humility	F1 Humility	Precision Benevolence: caring	Recall Benevolence: caring	F1 Benevolence: caring	Precision Benevolence: dependability	Recall Benevolence: dependability	F1 Benevolence: dependability	Precision Universalism: concern	Recall Universalism: concern	F1 Universalism: concern	Precision Universalism: nature	Recall Universalism: nature	F1 Universalism: nature	Precision Universalism: tolerance	Recall Universalism: tolerance	F1 Universalism: tolerance	Precision Universalism: objectivity	Recall Universalism: objectivity	F1 Universalism: objectivity
arguments-test	adam-smith	2023-01-27-17-09-53	0.564	0.545	0.555	0.525	0.671	0.589	0.701	0.721	0.711	0.478	0.143	0.220	0.400	0.231	0.293	0.600	0.723	0.656	0.627	0.389	0.480	0.480	0.562	0.518	0.431	0.229	0.299	0.720	0.870	0.788	0.575	0.793	0.667	0.600	0.714	0.652	0.554	0.679	0.610	0.718	0.528	0.609	0.312	0.135	0.189	0.566	0.640	0.601	0.432	0.313	0.363	0.636	0.891	0.742	0.845	0.833	0.839	0.424	0.400	0.412	0.659	0.439	0.527
arguments-test	adam-smith	2023-01-27-17-40-41	0.617	0.481	0.541	0.634	0.594	0.614	0.742	0.683	0.711	0.476	0.130	0.204	0.400	0.231	0.293	0.638	0.604	0.621	0.679	0.352	0.463	0.542	0.371	0.441	0.423	0.229	0.297	0.789	0.771	0.780	0.663	0.688	0.675	0.678	0.601	0.637	0.631	0.561	0.594	0.812	0.491	0.612	0.357	0.135	0.196	0.618	0.568	0.592	0.446	0.307	0.364	0.717	0.815	0.763	0.892	0.806	0.847	0.488	0.313	0.381	0.711	0.376	0.492
arguments-test	adam-smith	2023-01-27-18-10-45	0.514	0.619	0.561	0.488	0.692	0.572	0.673	0.757	0.712	0.486	0.234	0.316	0.273	0.231	0.250	0.565	0.789	0.659	0.529	0.426	0.472	0.465	0.629	0.534	0.420	0.354	0.384	0.638	0.926	0.755	0.518	0.821	0.635	0.535	0.774	0.633	0.508	0.739	0.602	0.621	0.679	0.649	0.299	0.351	0.323	0.467	0.726	0.569	0.424	0.442	0.432	0.616	0.901	0.732	0.780	0.861	0.818	0.387	0.579	0.464	0.590	0.461	0.517
arguments-test	adam-smith	2023-01-27-18-20-38	0.503	0.585	0.541	0.495	0.692	0.577	0.625	0.785	0.696	0.353	0.078	0.128	0.400	0.231	0.293	0.570	0.745	0.646	0.563	0.370	0.447	0.438	0.667	0.528	0.550	0.115	0.190	0.597	0.927	0.726	0.443	0.874	0.588	0.573	0.726	0.640	0.416	0.791	0.545	0.529	0.698	0.602	0.237	0.122	0.161	0.447	0.771	0.566	0.391	0.374	0.382	0.589	0.900	0.712	0.862	0.826	0.844	0.391	0.569	0.463	0.598	0.435	0.504
arguments-test	andronicus-of-rhodes	2023-01-28-03-02-04	0.435	0.508	0.469	0.470	0.552	0.508	0.581	0.662	0.619	0.190	0.208	0.199	0.200	0.269	0.230	0.575	0.641	0.606	0.394	0.343	0.366	0.463	0.533	0.496	0.311	0.198	0.242	0.617	0.842	0.712	0.469	0.751	0.578	0.493	0.411	0.448	0.510	0.648	0.571	0.340	0.660	0.449	0.167	0.108	0.131	0.421	0.646	0.510	0.266	0.233	0.248	0.587	0.832	0.688	0.725	0.771	0.747	0.329	0.436	0.375	0.591	0.423	0.493
arguments-test	andronicus-of-rhodes	2023-01-28-03-07-13	0.382	0.595	0.466	0.486	0.503	0.495	0.630	0.532	0.577	0.169	0.390	0.235	0.080	0.423	0.134	0.620	0.553	0.585	0.264	0.565	0.360	0.458	0.514	0.484	0.137	0.479	0.213	0.609	0.836	0.705	0.503	0.728	0.595	0.372	0.613	0.463	0.431	0.700	0.534	0.163	0.604	0.257	0.114	0.432	0.180	0.336	0.792	0.472	0.170	0.571	0.262	0.562	0.835	0.672	0.685	0.799	0.737	0.282	0.641	0.391	0.579	0.397	0.471
arguments-test	andronicus-of-rhodes	2023-01-28-10-02-00	0.451	0.506	0.477	0.431	0.503	0.465	0.633	0.662	0.647	0.357	0.195	0.252	0.318	0.269	0.292	0.583	0.578	0.580	0.326	0.389	0.354	0.466	0.648	0.542	0.315	0.292	0.303	0.652	0.791	0.715	0.521	0.723	0.605	0.466	0.565	0.511	0.485	0.599	0.536	0.393	0.208	0.272	0.120	0.176	0.143	0.432	0.661	0.522	0.269	0.362	0.309	0.582	0.855	0.693	0.768	0.757	0.762	0.329	0.477	0.389	0.579	0.406	0.477
arguments-test	aristotle	1-baseline	0.151	1.000	0.263	0.091	1.000	0.166	0.248	1.000	0.398	0.049	1.000	0.093	0.016	1.000	0.032	0.261	1.000	0.414	0.069	1.000	0.128	0.067	1.000	0.125	0.061	1.000	0.115	0.341	1.000	0.508	0.252	1.000	0.402	0.107	1.000	0.193	0.182	1.000	0.308	0.034	1.000	0.065	0.047	1.000	0.090	0.213	1.000	0.351	0.103	1.000	0.187	0.373	1.000	0.543	0.091	1.000	0.167	0.124	1.000	0.220	0.299	1.000	0.460
arguments-test	aristotle	BERT	0.587	0.329	0.422	0.580	0.357	0.442	0.702	0.458	0.554	0.667	0.026	0.050	0.750	0.115	0.200	0.649	0.485	0.556	0.434	0.213	0.286	0.587	0.352	0.440	0.467	0.073	0.126	0.755	0.723	0.738	0.607	0.579	0.593	0.611	0.327	0.426	0.544	0.411	0.468	0.778	0.132	0.226	0.300	0.041	0.071	0.509	0.426	0.464	0.254	0.098	0.142	0.655	0.692	0.673	0.846	0.611	0.710	0.444	0.246	0.317	0.600	0.223	0.325
arguments-test	aristotle	Random baseline	0.151	0.172	0.161	0.085	0.168	0.113	0.263	0.281	0.272	0.046	0.052	0.049	0.020	0.038	0.026	0.241	0.255	0.248	0.063	0.083	0.072	0.081	0.133	0.101	0.081	0.094	0.087	0.332	0.376	0.353	0.263	0.332	0.294	0.120	0.125	0.122	0.170	0.220	0.191	0.028	0.038	0.032	0.051	0.095	0.066	0.185	0.259	0.216	0.089	0.135	0.107	0.381	0.379	0.380	0.113	0.090	0.100	0.102	0.103	0.102	0.304	0.187	0.232
arguments-test	aristotle	SVM	0.325	0.205	0.252	0.287	0.343	0.312	0.429	0.294	0.349	0.000	0.000	0.000	0.000	0.000	0.000	0.469	0.325	0.384	0.208	0.148	0.173	0.409	0.171	0.242	0.129	0.042	0.063	0.537	0.505	0.520	0.416	0.370	0.392	0.441	0.155	0.229	0.290	0.213	0.245	0.091	0.019	0.031	0.119	0.068	0.086	0.327	0.253	0.285	0.208	0.135	0.164	0.537	0.420	0.471	0.932	0.285	0.436	0.232	0.164	0.192	0.437	0.200	0.274
arguments-test	aristoxenus	2022-12-15-19-02-04	0.483	0.449	0.465	0.608	0.413	0.492	0.684	0.637	0.660	0.250	0.052	0.086	0.333	0.192	0.244	0.615	0.566	0.589	0.156	0.046	0.071	0.361	0.533	0.431	0.293	0.281	0.287	0.745	0.760	0.752	0.536	0.700	0.607	0.527	0.589	0.556	0.502	0.404	0.448	0.610	0.472	0.532	0.220	0.351	0.271	0.487	0.485	0.486	0.354	0.141	0.202	0.678	0.864	0.760	0.765	0.792	0.778	0.327	0.477	0.388	0.612	0.221	0.324
arguments-test	aristoxenus	2023-01-07-12-39-00	0.487	0.455	0.470	0.628	0.531	0.576	0.691	0.624	0.656	0.250	0.052	0.086	0.294	0.192	0.233	0.650	0.515	0.575	0.156	0.046	0.071	0.431	0.562	0.488	0.303	0.281	0.292	0.749	0.762	0.755	0.556	0.678	0.611	0.515	0.601	0.555	0.552	0.460	0.502	0.595	0.472	0.526	0.226	0.351	0.275	0.491	0.485	0.488	0.359	0.141	0.203	0.683	0.861	0.761	0.762	0.778	0.770	0.302	0.385	0.339	0.554	0.314	0.401
arguments-test	aristoxenus	2023-01-23-19-44-41	0.489	0.457	0.472	0.631	0.538	0.581	0.691	0.624	0.656	0.235	0.052	0.085	0.357	0.192	0.250	0.652	0.519	0.578	0.161	0.046	0.072	0.439	0.581	0.500	0.300	0.281	0.290	0.748	0.756	0.752	0.555	0.678	0.610	0.515	0.601	0.555	0.562	0.474	0.514	0.581	0.472	0.521	0.222	0.351	0.272	0.487	0.488	0.487	0.354	0.141	0.202	0.677	0.861	0.758	0.757	0.778	0.767	0.302	0.390	0.340	0.550	0.314	0.400
arguments-test	arthur-caplan	2022-12-30-15-04-44	0.511	0.496	0.503	0.512	0.462	0.485	0.659	0.614	0.636	0.367	0.143	0.206	0.462	0.231	0.308	0.575	0.646	0.608	0.426	0.398	0.411	0.448	0.610	0.516	0.254	0.333	0.288	0.737	0.810	0.772	0.573	0.700	0.630	0.608	0.601	0.605	0.572	0.484	0.525	0.686	0.453	0.545	0.117	0.176	0.141	0.540	0.557	0.548	0.268	0.252	0.259	0.635	0.830	0.719	0.788	0.799	0.793	0.382	0.446	0.411	0.612	0.382	0.471
arguments-test	arthur-caplan	2023-01-24-03-15-40	0.508	0.510	0.509	0.384	0.650	0.483	0.773	0.532	0.630	0.305	0.234	0.265	0.333	0.269	0.298	0.691	0.478	0.565	0.384	0.519	0.441	0.474	0.429	0.450	0.239	0.406	0.301	0.789	0.743	0.765	0.681	0.587	0.631	0.481	0.696	0.569	0.590	0.422	0.492	0.491	0.528	0.509	0.115	0.243	0.157	0.658	0.452	0.536	0.299	0.405	0.344	0.707	0.764	0.734	0.928	0.715	0.808	0.306	0.574	0.399	0.529	0.554	0.541
arguments-test	arthur-caplan	2023-01-24-14-08-38	0.435	0.605	0.506	0.445	0.594	0.509	0.570	0.716	0.635	0.293	0.221	0.252	0.333	0.269	0.298	0.539	0.731	0.621	0.345	0.556	0.426	0.405	0.714	0.517	0.236	0.427	0.304	0.621	0.886	0.731	0.498	0.806	0.615	0.504	0.708	0.589	0.439	0.725	0.547	0.456	0.491	0.473	0.122	0.243	0.162	0.431	0.702	0.535	0.290	0.436	0.348	0.595	0.895	0.715	0.732	0.854	0.788	0.311	0.559	0.399	0.535	0.571	0.552
arguments-test	arthur-caplan	2023-01-24-14-13-20	0.455	0.584	0.512	0.500	0.566	0.531	0.605	0.691	0.645	0.333	0.208	0.256	0.350	0.269	0.304	0.552	0.697	0.616	0.365	0.528	0.432	0.412	0.695	0.518	0.237	0.385	0.294	0.636	0.868	0.734	0.512	0.793	0.623	0.563	0.661	0.608	0.468	0.693	0.559	0.490	0.472	0.481	0.124	0.230	0.161	0.442	0.702	0.543	0.291	0.411	0.341	0.604	0.886	0.718	0.758	0.847	0.800	0.319	0.533	0.399	0.544	0.544	0.544
arguments-test	augustine-of-hippo	2022-12-12-23-36-38	0.273	0.430	0.334	0.240	0.587	0.341	0.340	0.624	0.440	0.105	0.234	0.145	0.037	0.385	0.067	0.398	0.483	0.436	0.161	0.306	0.211	0.253	0.371	0.301	0.174	0.219	0.194	0.501	0.661	0.570	0.416	0.511	0.459	0.262	0.810	0.396	0.301	0.418	0.350	0.089	0.321	0.140	0.017	0.014	0.015	0.376	0.387	0.381	0.216	0.288	0.247	0.526	0.597	0.559	0.495	0.736	0.592	0.185	0.251	0.213	0.360	0.391	0.375
arguments-test	augustine-of-hippo	2023-01-26-23-59-27	0.373	0.539	0.441	0.311	0.545	0.396	0.544	0.627	0.583	0.188	0.273	0.222	0.049	0.385	0.087	0.544	0.619	0.579	0.231	0.546	0.325	0.414	0.667	0.511	0.148	0.323	0.203	0.627	0.827	0.713	0.518	0.673	0.586	0.386	0.536	0.449	0.427	0.596	0.498	0.233	0.509	0.320	0.148	0.297	0.197	0.381	0.607	0.468	0.222	0.399	0.285	0.648	0.747	0.694	0.648	0.819	0.724	0.303	0.364	0.331	0.489	0.423	0.453
arguments-test	augustine-of-hippo	2023-01-27-09-49-19	0.263	0.544	0.355	0.232	0.615	0.337	0.322	0.729	0.447	0.104	0.234	0.144	0.040	0.423	0.074	0.341	0.653	0.448	0.158	0.361	0.220	0.274	0.514	0.358	0.171	0.219	0.192	0.476	0.890	0.620	0.381	0.783	0.512	0.267	0.851	0.407	0.336	0.686	0.451	0.089	0.321	0.140	0.017	0.014	0.015	0.347	0.661	0.455	0.208	0.337	0.258	0.439	0.876	0.585	0.471	0.847	0.605	0.228	0.405	0.292	0.356	0.463	0.402
arguments-test	confucius	2022-12-20-12-59-08	0.480	0.552	0.514	0.451	0.573	0.505	0.721	0.609	0.660	0.221	0.221	0.221	0.308	0.308	0.308	0.595	0.570	0.582	0.420	0.556	0.478	0.437	0.724	0.545	0.280	0.510	0.362	0.723	0.747	0.734	0.562	0.710	0.627	0.502	0.708	0.588	0.492	0.652	0.561	0.432	0.302	0.356	0.144	0.189	0.164	0.562	0.536	0.549	0.366	0.460	0.408	0.649	0.830	0.728	0.818	0.840	0.829	0.308	0.569	0.400	0.619	0.418	0.499
arguments-test	confucius	2023-01-20-15-27-39	0.467	0.615	0.531	0.418	0.699	0.524	0.717	0.706	0.711	0.247	0.247	0.247	0.333	0.308	0.320	0.530	0.718	0.610	0.352	0.583	0.439	0.436	0.676	0.530	0.316	0.521	0.394	0.673	0.857	0.754	0.546	0.783	0.643	0.540	0.690	0.606	0.480	0.704	0.571	0.490	0.453	0.471	0.135	0.203	0.162	0.507	0.676	0.579	0.323	0.515	0.397	0.633	0.861	0.730	0.821	0.861	0.841	0.321	0.621	0.423	0.531	0.618	0.571
arguments-test	david-gauthier	2023-01-02-19-28-31	0.458	0.443	0.450	0.505	0.392	0.441	0.615	0.645	0.629	0.183	0.143	0.161	0.278	0.192	0.227	0.595	0.534	0.563	0.370	0.157	0.221	0.393	0.457	0.423	0.346	0.188	0.243	0.701	0.715	0.708	0.482	0.693	0.569	0.497	0.482	0.489	0.456	0.453	0.455	0.585	0.453	0.511	0.219	0.378	0.277	0.397	0.583	0.472	0.265	0.221	0.241	0.680	0.799	0.735	0.768	0.667	0.714	0.308	0.318	0.313	0.513	0.391	0.443
arguments-test	david-gauthier	2023-01-02-22-32-51	0.458	0.443	0.450	0.505	0.392	0.441	0.615	0.645	0.629	0.183	0.143	0.161	0.278	0.192	0.227	0.595	0.534	0.563	0.370	0.157	0.221	0.393	0.457	0.423	0.346	0.188	0.243	0.701	0.715	0.708	0.482	0.693	0.569	0.497	0.482	0.489	0.456	0.453	0.455	0.585	0.453	0.511	0.219	0.378	0.277	0.397	0.583	0.472	0.265	0.221	0.241	0.680	0.799	0.735	0.768	0.667	0.714	0.308	0.318	0.313	0.513	0.391	0.443
arguments-test	david-gauthier	2023-01-26-14-20-46	0.503	0.497	0.500	0.589	0.510	0.547	0.673	0.657	0.665	0.207	0.156	0.178	0.375	0.115	0.176	0.554	0.648	0.597	0.453	0.222	0.298	0.468	0.619	0.533	0.397	0.260	0.314	0.733	0.747	0.740	0.513	0.718	0.598	0.500	0.637	0.560	0.510	0.425	0.464	0.619	0.491	0.547	0.263	0.405	0.319	0.444	0.619	0.517	0.369	0.252	0.299	0.690	0.855	0.764	0.782	0.674	0.724	0.357	0.544	0.431	0.555	0.384	0.454
arguments-test	epicurus	2022-12-16-15-34-13	0.441	0.463	0.452	0.467	0.545	0.503	0.500	0.683	0.577	0.304	0.091	0.140	0.400	0.154	0.222	0.566	0.607	0.585	0.275	0.426	0.335	0.423	0.600	0.496	0.364	0.208	0.265	0.713	0.667	0.689	0.548	0.660	0.599	0.429	0.417	0.423	0.418	0.561	0.479	0.380	0.358	0.369	0.224	0.176	0.197	0.480	0.497	0.488	0.278	0.184	0.221	0.568	0.845	0.679	0.707	0.806	0.753	0.296	0.328	0.311	0.487	0.439	0.462
arguments-test	epicurus	2022-12-16-16-12-21	0.441	0.463	0.452	0.467	0.545	0.503	0.500	0.683	0.577	0.304	0.091	0.140	0.400	0.154	0.222	0.566	0.607	0.585	0.275	0.426	0.335	0.423	0.600	0.496	0.364	0.208	0.265	0.713	0.667	0.689	0.548	0.660	0.599	0.429	0.417	0.423	0.418	0.561	0.479	0.380	0.358	0.369	0.224	0.176	0.197	0.480	0.497	0.488	0.278	0.184	0.221	0.568	0.845	0.679	0.707	0.806	0.753	0.296	0.328	0.311	0.487	0.439	0.462
arguments-test	epicurus	2023-01-26-16-58-03	0.421	0.496	0.456	0.577	0.420	0.486	0.555	0.624	0.587	0.269	0.182	0.217	0.348	0.308	0.327	0.552	0.597	0.573	0.333	0.389	0.359	0.495	0.505	0.500	0.222	0.229	0.226	0.618	0.797	0.696	0.518	0.730	0.606	0.400	0.560	0.467	0.347	0.620	0.445	0.271	0.245	0.257	0.135	0.311	0.188	0.404	0.557	0.468	0.230	0.362	0.281	0.574	0.842	0.682	0.730	0.750	0.740	0.288	0.415	0.340	0.556	0.486	0.519
arguments-test	epicurus	2023-01-26-22-36-06	0.409	0.481	0.442	0.460	0.483	0.471	0.546	0.616	0.579	0.289	0.169	0.213	0.263	0.192	0.222	0.579	0.549	0.564	0.238	0.491	0.320	0.411	0.571	0.478	0.221	0.312	0.259	0.614	0.806	0.697	0.519	0.693	0.593	0.419	0.399	0.409	0.398	0.564	0.467	0.310	0.170	0.220	0.131	0.149	0.139	0.446	0.521	0.481	0.261	0.282	0.271	0.588	0.823	0.686	0.722	0.722	0.722	0.303	0.487	0.373	0.455	0.624	0.526
arguments-test	epicurus	2023-01-28-11-53-10	0.402	0.450	0.425	0.478	0.462	0.470	0.541	0.655	0.593	0.206	0.169	0.186	0.312	0.192	0.238	0.517	0.604	0.557	0.321	0.324	0.323	0.441	0.533	0.483	0.250	0.250	0.250	0.658	0.778	0.713	0.483	0.700	0.571	0.395	0.446	0.419	0.399	0.638	0.491	0.158	0.057	0.083	0.179	0.095	0.124	0.429	0.539	0.478	0.179	0.276	0.217	0.588	0.821	0.685	0.752	0.694	0.722	0.311	0.303	0.306	0.453	0.471	0.462
arguments-test	fazlur-rahman	2022-12-29-07-21-27	0.584	0.430	0.495	0.523	0.552	0.537	0.719	0.668	0.692	0.500	0.065	0.115	0.385	0.192	0.256	0.652	0.551	0.597	0.657	0.213	0.322	0.535	0.438	0.482	0.250	0.010	0.020	0.735	0.804	0.768	0.633	0.688	0.659	0.710	0.583	0.641	0.476	0.610	0.534	0.900	0.170	0.286	0.167	0.054	0.082	0.634	0.485	0.550	0.500	0.196	0.282	0.738	0.818	0.776	0.907	0.743	0.817	0.496	0.292	0.368	0.557	0.476	0.513
arguments-test	fazlur-rahman	2022-12-29-07-57-43	0.135	0.094	0.110	0.073	0.063	0.067	0.254	0.189	0.217	0.000	0.000	0.000	0.000	0.000	0.000	0.241	0.148	0.183	0.048	0.009	0.016	0.121	0.067	0.086	0.000	0.000	0.000	0.344	0.307	0.325	0.216	0.184	0.199	0.052	0.030	0.038	0.153	0.125	0.138	0.000	0.000	0.000	0.000	0.000	0.000	0.179	0.095	0.124	0.087	0.012	0.022	0.365	0.352	0.358	0.102	0.069	0.083	0.102	0.031	0.047	0.356	0.189	0.247
arguments-test	fazlur-rahman	2022-12-29-08-01-16	0.141	0.129	0.134	0.066	0.070	0.068	0.262	0.243	0.252	0.000	0.000	0.000	0.000	0.000	0.000	0.256	0.216	0.234	0.057	0.019	0.028	0.093	0.076	0.084	0.000	0.000	0.000	0.364	0.399	0.380	0.204	0.222	0.213	0.080	0.065	0.072	0.174	0.223	0.195	0.000	0.000	0.000	0.042	0.014	0.020	0.191	0.146	0.165	0.094	0.037	0.053	0.365	0.405	0.384	0.102	0.083	0.092	0.130	0.077	0.097	0.333	0.285	0.307
arguments-test	fazlur-rahman	2023-01-26-17-49-57	0.550	0.376	0.447	0.585	0.483	0.529	0.767	0.588	0.666	0.667	0.052	0.096	0.400	0.077	0.129	0.638	0.585	0.610	0.760	0.176	0.286	0.547	0.333	0.414	0.000	0.000	0.000	0.641	0.883	0.742	0.545	0.736	0.626	0.857	0.286	0.429	0.552	0.610	0.579	0.000	0.000	0.000	0.000	0.000	0.000	0.679	0.503	0.578	0.515	0.104	0.173	0.662	0.854	0.746	0.944	0.701	0.805	0.604	0.149	0.239	0.646	0.399	0.493
arguments-test	francis-bacon	2023-01-28-11-41-15	0.334	0.585	0.425	0.300	0.615	0.404	0.408	0.747	0.528	0.268	0.143	0.186	0.258	0.308	0.281	0.475	0.721	0.573	0.200	0.454	0.278	0.417	0.600	0.492	0.131	0.260	0.174	0.532	0.916	0.674	0.407	0.819	0.543	0.357	0.726	0.478	0.322	0.854	0.468	0.203	0.283	0.236	0.078	0.176	0.108	0.263	0.890	0.406	0.197	0.417	0.268	0.474	0.963	0.635	0.718	0.653	0.684	0.245	0.569	0.343	0.426	0.592	0.496
arguments-test	francisco-de-vitoria	2023-01-04-13-14-42	0.074	0.072	0.073	0.000	0.000	0.000	0.000	0.000	0.000	0.000	0.000	0.000	0.000	0.000	0.000	0.265	0.308	0.285	0.000	0.000	0.000	0.000	0.000	0.000	0.000	0.000	0.000	0.348	0.404	0.374	0.250	0.270	0.259	0.000	0.000	0.000	0.000	0.000	0.000	0.000	0.000	0.000	0.000	0.000	0.000	0.219	0.110	0.147	0.000	0.000	0.000	0.390	0.342	0.364	0.000	0.000	0.000	0.000	0.000	0.000	0.000	0.000	0.000
arguments-test	francisco-de-vitoria	2023-01-04-17-07-34	0.182	0.121	0.146	0.000	0.000	0.000	0.000	0.000	0.000	0.000	0.000	0.000	0.000	0.000	0.000	0.698	0.274	0.394	0.000	0.000	0.000	0.000	0.000	0.000	0.000	0.000	0.000	0.791	0.661	0.720	0.767	0.456	0.572	0.000	0.000	0.000	0.000	0.000	0.000	0.000	0.000	0.000	0.000	0.000	0.000	0.699	0.304	0.423	0.000	0.000	0.000	0.684	0.731	0.707	0.000	0.000	0.000	0.000	0.000	0.000	0.000	0.000	0.000
arguments-test	francisco-de-vitoria	2023-01-04-17-45-31	0.507	0.230	0.316	0.680	0.357	0.468	0.774	0.368	0.499	0.000	0.000	0.000	0.000	0.000	0.000	0.719	0.291	0.415	1.000	0.019	0.036	0.545	0.229	0.322	0.000	0.000	0.000	0.660	0.827	0.734	0.757	0.423	0.543	0.814	0.208	0.332	0.557	0.355	0.434	0.000	0.000	0.000	0.000	0.000	0.000	0.829	0.173	0.286	0.000	0.000	0.000	0.697	0.701	0.699	0.915	0.597	0.723	0.429	0.015	0.030	0.765	0.028	0.053
arguments-test	friedrich-nietzsche	2023-01-30-08-51-04	0.150	0.004	0.008	0.000	0.000	0.000	0.000	0.000	0.000	0.000	0.000	0.000	0.000	0.000	0.000	0.333	0.002	0.005	0.000	0.000	0.000	0.000	0.000	0.000	0.000	0.000	0.000	0.710	0.041	0.077	0.462	0.015	0.029	0.000	0.000	0.000	0.000	0.000	0.000	0.000	0.000	0.000	0.000	0.000	0.000	0.000	0.000	0.000	0.000	0.000	0.000	0.500	0.005	0.010	1.000	0.021	0.041	0.000	0.000	0.000	0.000	0.000	0.000
arguments-test	georg-simmel	2023-01-10-07-54-44	0.598	0.273	0.375	0.641	0.413	0.502	0.789	0.391	0.523	0.000	0.000	0.000	1.000	0.077	0.143	0.596	0.498	0.542	0.500	0.028	0.053	0.481	0.352	0.407	0.000	0.000	0.000	0.719	0.749	0.734	0.631	0.569	0.599	0.634	0.268	0.377	0.620	0.324	0.426	0.800	0.151	0.254	0.500	0.014	0.026	0.709	0.232	0.350	0.375	0.018	0.035	0.731	0.646	0.686	0.909	0.486	0.633	0.583	0.108	0.182	0.747	0.138	0.233
arguments-test	georg-simmel	2023-01-19-08-39-31	0.151	1.000	0.263	0.091	1.000	0.166	0.248	1.000	0.398	0.049	1.000	0.093	0.016	1.000	0.032	0.261	1.000	0.414	0.069	1.000	0.128	0.067	1.000	0.125	0.061	1.000	0.115	0.341	1.000	0.508	0.252	1.000	0.402	0.107	1.000	0.193	0.182	1.000	0.308	0.034	1.000	0.065	0.047	1.000	0.090	0.213	1.000	0.351	0.103	1.000	0.187	0.373	1.000	0.543	0.091	1.000	0.167	0.124	1.000	0.220	0.299	1.000	0.460
arguments-test	georg-simmel	2023-01-25-10-56-41	0.495	0.499	0.497	0.491	0.573	0.529	0.622	0.627	0.624	0.363	0.429	0.393	0.353	0.231	0.279	0.614	0.609	0.611	0.450	0.250	0.321	0.516	0.457	0.485	0.293	0.250	0.270	0.690	0.821	0.750	0.567	0.733	0.640	0.464	0.494	0.478	0.514	0.638	0.569	0.571	0.377	0.455	0.217	0.243	0.229	0.500	0.601	0.546	0.297	0.350	0.321	0.657	0.779	0.713	0.814	0.729	0.769	0.357	0.405	0.380	0.559	0.384	0.455
arguments-test	georg-simmel	2023-01-25-13-01-01	0.486	0.513	0.499	0.544	0.517	0.530	0.617	0.660	0.638	0.271	0.169	0.208	0.318	0.269	0.292	0.598	0.587	0.592	0.308	0.444	0.364	0.468	0.486	0.477	0.241	0.271	0.255	0.754	0.775	0.764	0.611	0.657	0.633	0.437	0.518	0.474	0.526	0.627	0.572	0.622	0.528	0.571	0.198	0.257	0.224	0.475	0.637	0.544	0.317	0.429	0.365	0.654	0.798	0.719	0.849	0.743	0.793	0.370	0.538	0.438	0.549	0.357	0.432
arguments-test	george-boole	2022-12-21-09-19-43	0.535	0.385	0.448	0.445	0.566	0.498	0.691	0.550	0.613	0.348	0.104	0.160	0.171	0.231	0.197	0.704	0.386	0.498	0.514	0.176	0.262	0.437	0.429	0.433	0.365	0.198	0.257	0.756	0.709	0.732	0.601	0.615	0.608	0.420	0.690	0.523	0.581	0.376	0.457	0.643	0.170	0.269	0.206	0.095	0.130	0.748	0.318	0.447	0.441	0.092	0.152	0.694	0.753	0.723	0.876	0.639	0.739	0.369	0.333	0.350	0.697	0.274	0.393
arguments-test	george-boole	2022-12-21-09-34-41	0.535	0.385	0.448	0.445	0.566	0.498	0.691	0.550	0.613	0.348	0.104	0.160	0.171	0.231	0.197	0.704	0.386	0.498	0.514	0.176	0.262	0.437	0.429	0.433	0.365	0.198	0.257	0.756	0.709	0.732	0.601	0.615	0.608	0.420	0.690	0.523	0.581	0.376	0.457	0.643	0.170	0.269	0.206	0.095	0.130	0.748	0.318	0.447	0.441	0.092	0.152	0.694	0.753	0.723	0.876	0.639	0.739	0.369	0.333	0.350	0.697	0.274	0.393
arguments-test	george-boole	2023-01-19-15-58-21	0.519	0.410	0.458	0.449	0.552	0.495	0.622	0.598	0.610	0.250	0.026	0.047	0.308	0.154	0.205	0.610	0.612	0.611	0.571	0.185	0.280	0.408	0.552	0.470	0.429	0.156	0.229	0.728	0.756	0.742	0.620	0.605	0.612	0.458	0.524	0.489	0.549	0.449	0.494	0.643	0.170	0.269	0.184	0.189	0.187	0.461	0.610	0.525	0.326	0.086	0.136	0.714	0.709	0.712	0.870	0.694	0.772	0.437	0.282	0.343	0.744	0.285	0.412
arguments-test	george-boole	2023-01-19-17-12-37	0.500	0.400	0.444	0.500	0.573	0.534	0.638	0.563	0.598	0.231	0.078	0.117	0.444	0.154	0.229	0.646	0.544	0.590	0.418	0.213	0.282	0.461	0.448	0.454	0.310	0.188	0.234	0.718	0.758	0.737	0.570	0.572	0.571	0.455	0.452	0.454	0.536	0.446	0.487	0.522	0.226	0.316	0.222	0.135	0.168	0.486	0.512	0.499	0.342	0.160	0.218	0.690	0.670	0.680	0.868	0.729	0.792	0.358	0.292	0.322	0.579	0.289	0.385
arguments-test	jesus-of-nazareth	2023-01-21-01-07-45	0.463	0.353	0.401	0.542	0.315	0.398	0.571	0.471	0.516	0.231	0.039	0.067	0.300	0.115	0.167	0.474	0.456	0.465	0.480	0.222	0.304	0.458	0.362	0.404	0.176	0.031	0.053	0.680	0.737	0.708	0.477	0.655	0.552	0.477	0.363	0.412	0.396	0.613	0.482	0.667	0.038	0.071	0.333	0.041	0.072	0.414	0.479	0.444	0.259	0.129	0.172	0.543	0.755	0.632	0.909	0.556	0.690	0.340	0.374	0.356	0.535	0.308	0.391
arguments-test	jesus-of-nazareth	2023-01-21-01-08-59	0.345	0.308	0.325	0.312	0.273	0.291	0.462	0.578	0.514	0.259	0.091	0.135	0.200	0.192	0.196	0.467	0.444	0.455	0.316	0.222	0.261	0.435	0.286	0.345	0.019	0.010	0.014	0.564	0.527	0.545	0.381	0.519	0.440	0.333	0.274	0.301	0.386	0.540	0.450	0.200	0.189	0.194	0.083	0.068	0.075	0.374	0.423	0.397	0.190	0.123	0.149	0.499	0.653	0.566	0.642	0.236	0.345	0.248	0.190	0.215	0.526	0.318	0.397
arguments-test	jesus-of-nazareth	2023-01-21-01-09-42	0.210	0.534	0.302	0.111	0.168	0.133	0.313	0.639	0.421	0.099	0.727	0.175	0.059	0.692	0.109	0.363	0.400	0.381	0.079	0.324	0.127	0.134	0.733	0.227	0.070	0.333	0.116	0.395	0.650	0.492	0.326	0.763	0.457	0.214	0.667	0.324	0.243	0.540	0.335	0.048	0.358	0.084	0.047	0.338	0.083	0.295	0.708	0.416	0.147	0.221	0.176	0.446	0.772	0.566	0.251	0.889	0.392	0.234	0.549	0.328	0.332	0.214	0.261
arguments-test	jesus-of-nazareth	2023-01-21-01-10-27	0.153	0.919	0.262	0.088	0.902	0.161	0.252	0.921	0.396	0.048	0.987	0.092	0.018	0.962	0.035	0.265	0.959	0.415	0.075	0.815	0.137	0.070	0.914	0.130	0.060	0.885	0.113	0.341	0.991	0.508	0.257	0.836	0.394	0.108	0.946	0.194	0.184	0.889	0.305	0.033	0.868	0.063	0.047	1.000	0.090	0.215	0.744	0.334	0.108	0.957	0.194	0.373	0.946	0.535	0.092	1.000	0.168	0.123	0.990	0.218	0.298	0.875	0.445
arguments-test	johann-friedrich-herbart	2022-12-27-18-04-28	0.156	0.217	0.182	0.000	0.000	0.000	0.370	0.146	0.209	0.065	0.584	0.117	0.065	0.500	0.115	0.115	0.017	0.030	0.064	0.194	0.096	0.118	0.038	0.058	0.091	0.083	0.087	0.325	0.047	0.081	0.162	0.196	0.177	0.109	0.488	0.178	0.376	0.265	0.311	0.129	0.660	0.215	0.024	0.027	0.025	0.219	0.152	0.179	0.136	0.307	0.188	0.321	0.128	0.182	0.059	0.285	0.098	0.073	0.031	0.043	0.307	0.200	0.242
arguments-test	johann-georg-walch	2023-01-27-18-40-44	0.320	0.514	0.395	0.329	0.573	0.418	0.375	0.711	0.491	0.067	0.078	0.072	0.222	0.077	0.114	0.424	0.667	0.518	0.139	0.222	0.171	0.250	0.486	0.330	0.109	0.177	0.135	0.612	0.771	0.682	0.403	0.776	0.530	0.294	0.780	0.427	0.346	0.774	0.478	0.378	0.321	0.347	0.172	0.284	0.214	0.338	0.640	0.442	0.220	0.436	0.293	0.620	0.753	0.680	0.447	0.681	0.540	0.244	0.585	0.344	0.418	0.484	0.449
arguments-test	johann-georg-walch	2023-01-27-18-43-12	0.373	0.432	0.400	0.411	0.434	0.422	0.415	0.629	0.500	0.100	0.026	0.041	0.500	0.077	0.133	0.453	0.629	0.526	0.178	0.167	0.172	0.359	0.352	0.356	0.175	0.073	0.103	0.596	0.791	0.680	0.406	0.741	0.525	0.351	0.720	0.472	0.376	0.666	0.481	0.500	0.132	0.209	0.217	0.135	0.167	0.352	0.646	0.456	0.231	0.276	0.251	0.632	0.733	0.679	0.505	0.639	0.564	0.280	0.431	0.339	0.414	0.342	0.374
arguments-test	john-arthur	2023-01-20-14-37-05	0.431	0.673	0.525	0.401	0.692	0.508	0.615	0.788	0.691	0.378	0.221	0.279	0.176	0.231	0.200	0.512	0.823	0.631	0.340	0.602	0.435	0.426	0.771	0.549	0.263	0.635	0.372	0.590	0.898	0.712	0.439	0.864	0.582	0.500	0.815	0.620	0.423	0.770	0.546	0.412	0.623	0.496	0.112	0.311	0.165	0.396	0.783	0.526	0.324	0.564	0.412	0.585	0.937	0.720	0.858	0.882	0.870	0.314	0.662	0.426	0.549	0.590	0.569
arguments-test	john-arthur	2023-01-20-14-38-48	0.486	0.642	0.553	0.463	0.699	0.557	0.630	0.798	0.704	0.347	0.221	0.270	0.233	0.269	0.250	0.543	0.799	0.646	0.464	0.537	0.498	0.434	0.657	0.523	0.333	0.479	0.393	0.655	0.898	0.757	0.486	0.793	0.603	0.513	0.815	0.630	0.498	0.763	0.602	0.706	0.679	0.692	0.202	0.297	0.240	0.433	0.759	0.551	0.362	0.472	0.410	0.627	0.896	0.738	0.855	0.861	0.858	0.360	0.574	0.443	0.575	0.580	0.577
arguments-test	joseph-fletcher	2023-01-20-19-30-17	0.465	0.192	0.272	0.838	0.217	0.344	0.849	0.274	0.414	0.000	0.000	0.000	0.000	0.000	0.000	0.747	0.286	0.414	0.000	0.000	0.000	0.000	0.000	0.000	0.000	0.000	0.000	0.841	0.531	0.651	0.531	0.494	0.512	0.789	0.268	0.400	0.560	0.328	0.413	0.000	0.000	0.000	0.000	0.000	0.000	0.543	0.411	0.468	1.000	0.006	0.012	0.717	0.675	0.695	0.976	0.278	0.432	0.333	0.005	0.010	0.567	0.072	0.128
arguments-test	joseph-fletcher	2023-01-21-12-04-51	0.484	0.266	0.344	0.593	0.336	0.429	0.727	0.327	0.451	0.000	0.000	0.000	0.000	0.000	0.000	0.642	0.291	0.401	0.250	0.028	0.050	0.467	0.200	0.280	0.263	0.052	0.087	0.770	0.618	0.686	0.527	0.537	0.532	0.674	0.345	0.457	0.547	0.341	0.421	0.800	0.302	0.438	0.200	0.027	0.048	0.527	0.378	0.440	0.317	0.080	0.127	0.725	0.692	0.708	0.812	0.542	0.650	0.319	0.113	0.167	0.519	0.119	0.193
arguments-test	lauri-ingman	2023-01-16-18-47-00	0.426	0.464	0.444	0.457	0.552	0.500	0.600	0.639	0.619	0.250	0.026	0.047	0.500	0.077	0.133	0.480	0.607	0.536	0.379	0.102	0.161	0.301	0.448	0.360	0.198	0.219	0.208	0.659	0.780	0.714	0.427	0.728	0.538	0.377	0.720	0.495	0.385	0.610	0.472	0.571	0.226	0.324	0.260	0.446	0.328	0.348	0.676	0.459	0.229	0.374	0.284	0.621	0.787	0.695	0.712	0.653	0.681	0.316	0.303	0.309	0.453	0.308	0.367
arguments-test	lauri-ingman	2023-01-23-18-43-06	0.426	0.464	0.444	0.457	0.552	0.500	0.600	0.639	0.619	0.250	0.026	0.047	0.500	0.077	0.133	0.480	0.607	0.536	0.379	0.102	0.161	0.301	0.448	0.360	0.198	0.219	0.208	0.659	0.780	0.714	0.427	0.728	0.538	0.377	0.720	0.495	0.385	0.610	0.472	0.571	0.226	0.324	0.260	0.446	0.328	0.348	0.676	0.459	0.229	0.374	0.284	0.621	0.787	0.695	0.712	0.653	0.681	0.316	0.303	0.309	0.453	0.308	0.367
arguments-test	mao-zedong	2023-01-12-13-33-06	0.447	0.629	0.522	0.415	0.685	0.517	0.669	0.703	0.686	0.265	0.234	0.248	0.211	0.308	0.250	0.545	0.665	0.599	0.382	0.611	0.470	0.461	0.733	0.566	0.234	0.469	0.312	0.640	0.873	0.739	0.523	0.763	0.621	0.475	0.804	0.597	0.485	0.735	0.584	0.421	0.453	0.436	0.119	0.284	0.168	0.479	0.693	0.567	0.304	0.583	0.400	0.661	0.867	0.750	0.790	0.861	0.824	0.312	0.667	0.426	0.542	0.592	0.566
arguments-test	mao-zedong	2023-01-24-03-04-39	0.456	0.610	0.522	0.420	0.720	0.531	0.720	0.678	0.698	0.250	0.299	0.272	0.250	0.269	0.259	0.541	0.646	0.588	0.350	0.593	0.440	0.423	0.733	0.537	0.228	0.521	0.317	0.678	0.825	0.745	0.517	0.771	0.619	0.498	0.720	0.589	0.498	0.721	0.589	0.438	0.528	0.479	0.112	0.162	0.133	0.499	0.619	0.552	0.324	0.509	0.396	0.617	0.854	0.717	0.907	0.812	0.857	0.311	0.677	0.426	0.541	0.537	0.539
arguments-test	mao-zedong	2023-01-26-05-32-20	0.478	0.604	0.533	0.424	0.706	0.530	0.737	0.660	0.696	0.263	0.260	0.261	0.304	0.269	0.286	0.539	0.682	0.602	0.386	0.546	0.452	0.430	0.733	0.542	0.222	0.531	0.313	0.687	0.864	0.766	0.557	0.781	0.650	0.504	0.679	0.579	0.559	0.659	0.605	0.520	0.491	0.505	0.128	0.216	0.161	0.535	0.661	0.591	0.349	0.515	0.416	0.639	0.854	0.731	0.886	0.812	0.848	0.327	0.610	0.426	0.554	0.554	0.554
arguments-test	marquis-de-sade	2022-12-15-13-33-31	0.149	0.342	0.208	0.087	0.315	0.137	0.258	0.412	0.317	0.058	0.390	0.101	0.013	0.231	0.025	0.239	0.357	0.286	0.083	0.472	0.141	0.059	0.210	0.092	0.071	0.323	0.117	0.321	0.406	0.359	0.259	0.401	0.314	0.113	0.268	0.159	0.173	0.334	0.228	0.025	0.189	0.044	0.048	0.446	0.087	0.211	0.390	0.273	0.100	0.325	0.153	0.364	0.444	0.400	0.094	0.222	0.133	0.122	0.369	0.183	0.290	0.335	0.311
arguments-test	marquis-de-sade	2022-12-22-18-51-57	0.428	0.489	0.457	0.382	0.497	0.432	0.643	0.558	0.597	0.215	0.299	0.250	0.241	0.269	0.255	0.549	0.507	0.527	0.236	0.426	0.304	0.315	0.752	0.444	0.243	0.375	0.295	0.673	0.741	0.706	0.509	0.662	0.575	0.478	0.452	0.465	0.458	0.592	0.517	0.500	0.189	0.274	0.153	0.365	0.216	0.461	0.548	0.501	0.252	0.313	0.279	0.673	0.696	0.684	0.609	0.812	0.696	0.385	0.421	0.402	0.593	0.312	0.409
arguments-test	marquis-de-sade	2023-01-27-21-01-33	0.359	0.481	0.411	0.215	0.601	0.317	0.508	0.665	0.576	0.269	0.325	0.294	0.140	0.269	0.184	0.421	0.357	0.386	0.329	0.213	0.258	0.391	0.648	0.487	0.273	0.094	0.140	0.658	0.778	0.713	0.493	0.695	0.577	0.419	0.631	0.504	0.362	0.707	0.479	0.000	0.000	0.000	0.075	0.068	0.071	0.416	0.518	0.462	0.210	0.258	0.231	0.639	0.719	0.677	0.687	0.778	0.730	0.207	0.708	0.320	0.462	0.586	0.517
arguments-test	marquis-de-sade	2023-01-27-22-15-46	0.386	0.537	0.449	0.363	0.510	0.424	0.505	0.703	0.588	0.206	0.260	0.230	0.182	0.385	0.247	0.539	0.624	0.578	0.252	0.481	0.331	0.322	0.790	0.457	0.237	0.344	0.281	0.681	0.728	0.704	0.514	0.683	0.587	0.326	0.649	0.434	0.401	0.666	0.501	0.243	0.340	0.283	0.188	0.203	0.195	0.426	0.580	0.491	0.232	0.319	0.269	0.662	0.750	0.703	0.635	0.736	0.682	0.281	0.574	0.377	0.531	0.416	0.467
arguments-test	martha-nussbaum	2022-12-16-21-16-34	0.207	0.295	0.243	0.223	0.678	0.336	0.509	0.637	0.566	0.000	0.000	0.000	0.000	0.000	0.000	0.407	0.430	0.418	0.000	0.000	0.000	0.429	0.200	0.273	0.000	0.000	0.000	0.433	0.929	0.591	0.335	0.851	0.480	0.000	0.000	0.000	0.321	0.449	0.374	0.000	0.000	0.000	0.000	0.000	0.000	0.298	0.580	0.394	0.125	0.018	0.032	0.401	0.973	0.568	0.000	0.000	0.000	0.250	0.062	0.099	0.402	0.091	0.149
arguments-test	martha-nussbaum	2022-12-16-23-05-46	0.201	0.299	0.240	0.202	0.727	0.317	0.458	0.670	0.544	0.000	0.000	0.000	0.000	0.000	0.000	0.393	0.551	0.459	0.500	0.009	0.018	0.303	0.095	0.145	0.000	0.000	0.000	0.400	0.963	0.565	0.295	0.932	0.448	0.000	0.000	0.000	0.306	0.498	0.379	0.000	0.000	0.000	0.000	0.000	0.000	0.269	0.485	0.346	0.000	0.000	0.000	0.402	0.974	0.570	0.000	0.000	0.000	0.083	0.005	0.010	0.405	0.064	0.110
arguments-test	mary-daly	2023-01-20-21-50-38	0.333	0.614	0.432	0.297	0.650	0.408	0.463	0.744	0.571	0.141	0.130	0.135	0.130	0.269	0.175	0.451	0.767	0.568	0.201	0.500	0.286	0.402	0.686	0.507	0.188	0.312	0.234	0.508	0.909	0.652	0.383	0.836	0.525	0.388	0.643	0.484	0.350	0.770	0.481	0.256	0.396	0.311	0.118	0.297	0.169	0.283	0.833	0.423	0.190	0.620	0.291	0.488	0.940	0.643	0.737	0.701	0.719	0.249	0.656	0.361	0.433	0.614	0.508
arguments-test	niccolo-machiavellie	2023-01-28-09-56-11	0.578	0.329	0.420	0.521	0.510	0.516	0.790	0.529	0.634	1.000	0.026	0.051	1.000	0.077	0.143	0.590	0.534	0.561	0.639	0.213	0.319	0.452	0.314	0.371	0.000	0.000	0.000	0.719	0.676	0.697	0.596	0.635	0.615	0.591	0.405	0.481	0.477	0.394	0.431	0.000	0.000	0.000	0.263	0.068	0.108	0.568	0.348	0.432	0.556	0.123	0.201	0.703	0.777	0.738	0.975	0.542	0.696	0.464	0.164	0.242	0.665	0.253	0.366
arguments-test	niccolo-machiavellie	2023-01-28-10-20-45	0.516	0.311	0.388	0.571	0.392	0.465	0.686	0.609	0.645	0.667	0.026	0.050	0.667	0.154	0.250	0.674	0.396	0.498	0.414	0.111	0.175	0.379	0.210	0.270	0.000	0.000	0.000	0.673	0.689	0.681	0.576	0.630	0.602	0.529	0.381	0.443	0.598	0.415	0.490	0.000	0.000	0.000	0.000	0.000	0.000	0.536	0.512	0.524	0.500	0.074	0.128	0.728	0.735	0.732	0.883	0.576	0.697	0.483	0.149	0.227	0.762	0.170	0.278
arguments-test	noam-chomsky	2023-01-26-23-19-44	0.493	0.417	0.452	0.493	0.469	0.480	0.565	0.614	0.588	0.333	0.117	0.173	0.800	0.154	0.258	0.628	0.464	0.534	0.438	0.389	0.412	0.454	0.419	0.436	0.319	0.240	0.274	0.696	0.756	0.725	0.543	0.599	0.570	0.462	0.464	0.463	0.462	0.481	0.471	0.438	0.132	0.203	0.165	0.176	0.170	0.465	0.548	0.503	0.203	0.172	0.186	0.632	0.786	0.701	0.822	0.674	0.740	0.307	0.415	0.353	0.645	0.278	0.389
arguments-test	noam-chomsky	2023-01-28-07-18-08	0.473	0.432	0.451	0.564	0.462	0.508	0.563	0.591	0.577	0.462	0.156	0.233	0.455	0.192	0.270	0.589	0.563	0.576	0.416	0.296	0.346	0.460	0.495	0.477	0.309	0.177	0.225	0.683	0.786	0.731	0.524	0.670	0.588	0.451	0.464	0.457	0.439	0.523	0.477	0.312	0.189	0.235	0.189	0.189	0.189	0.443	0.568	0.498	0.273	0.166	0.206	0.649	0.719	0.682	0.748	0.722	0.735	0.369	0.338	0.353	0.562	0.367	0.444
arguments-test	noam-chomsky	2023-01-28-09-49-59	0.488	0.443	0.465	0.534	0.490	0.511	0.589	0.601	0.595	0.276	0.104	0.151	0.500	0.192	0.278	0.596	0.587	0.592	0.484	0.287	0.360	0.480	0.467	0.473	0.273	0.188	0.222	0.682	0.775	0.725	0.575	0.647	0.609	0.510	0.446	0.476	0.521	0.592	0.555	0.375	0.340	0.356	0.200	0.122	0.151	0.465	0.565	0.510	0.274	0.196	0.229	0.646	0.793	0.712	0.807	0.757	0.781	0.413	0.390	0.401	0.562	0.327	0.413
arguments-test	philippa-foot	2022-12-17-16-06-28	0.571	0.331	0.419	0.587	0.378	0.460	0.758	0.504	0.605	0.333	0.026	0.048	0.800	0.154	0.258	0.629	0.420	0.504	0.458	0.102	0.167	0.476	0.381	0.423	0.583	0.073	0.130	0.733	0.709	0.721	0.593	0.597	0.595	0.603	0.470	0.528	0.541	0.348	0.424	0.769	0.189	0.303	0.280	0.095	0.141	0.479	0.479	0.479	0.294	0.061	0.102	0.725	0.728	0.727	0.868	0.458	0.600	0.317	0.200	0.245	0.600	0.248	0.351
arguments-test	prodicus	2023-01-27-19-12-49	0.622	0.389	0.479	0.609	0.469	0.530	0.748	0.509	0.606	0.750	0.039	0.074	1.000	0.154	0.267	0.649	0.459	0.538	0.639	0.213	0.319	0.569	0.314	0.405	0.667	0.083	0.148	0.783	0.693	0.735	0.608	0.637	0.622	0.459	0.667	0.544	0.529	0.484	0.505	0.591	0.245	0.347	0.143	0.095	0.114	0.598	0.470	0.527	0.469	0.092	0.154	0.683	0.796	0.735	0.878	0.701	0.780	0.394	0.344	0.367	0.670	0.314	0.428
arguments-test	quintilian	2023-01-22-02-01-11	0.299	0.508	0.376	0.447	0.531	0.486	0.483	0.714	0.576	0.000	0.000	0.000	0.000	0.000	0.000	0.454	0.799	0.579	0.195	0.269	0.226	0.330	0.657	0.439	0.000	0.000	0.000	0.507	0.940	0.658	0.371	0.884	0.522	0.341	0.780	0.475	0.353	0.815	0.493	0.000	0.000	0.000	0.000	0.000	0.000	0.265	0.872	0.406	0.237	0.393	0.296	0.505	0.913	0.650	0.772	0.542	0.637	0.275	0.590	0.375	0.447	0.454	0.451
arguments-test	quintilian	2023-01-23-20-40-52	0.301	0.438	0.357	0.387	0.503	0.438	0.420	0.616	0.499	0.000	0.000	0.000	0.000	0.000	0.000	0.403	0.532	0.459	0.200	0.241	0.218	0.371	0.438	0.402	0.133	0.021	0.036	0.516	0.924	0.662	0.393	0.809	0.529	0.380	0.530	0.443	0.317	0.784	0.452	0.000	0.000	0.000	0.000	0.000	0.000	0.279	0.795	0.413	0.185	0.472	0.266	0.479	0.898	0.625	0.809	0.382	0.519	0.268	0.431	0.331	0.477	0.391	0.429
arguments-test	quintilian	2023-01-25-02-28-12	0.341	0.399	0.368	0.354	0.510	0.418	0.567	0.529	0.548	0.118	0.104	0.110	0.159	0.385	0.225	0.429	0.546	0.480	0.160	0.269	0.201	0.377	0.381	0.379	0.172	0.115	0.137	0.643	0.706	0.673	0.496	0.496	0.496	0.464	0.506	0.484	0.423	0.404	0.414	0.000	0.000	0.000	0.036	0.027	0.031	0.336	0.673	0.448	0.243	0.221	0.232	0.575	0.736	0.646	0.577	0.729	0.644	0.293	0.297	0.295	0.397	0.355	0.374
arguments-test	r-m-hare	2022-12-16-13-15-43	0.487	0.428	0.456	0.360	0.601	0.450	0.566	0.711	0.630	0.556	0.065	0.116	0.312	0.192	0.238	0.555	0.590	0.572	0.560	0.259	0.354	0.449	0.543	0.491	1.000	0.010	0.021	0.604	0.870	0.713	0.521	0.766	0.620	0.517	0.464	0.489	0.443	0.578	0.502	0.000	0.000	0.000	0.111	0.014	0.024	0.416	0.637	0.504	0.278	0.123	0.170	0.590	0.889	0.709	0.888	0.660	0.757	0.414	0.323	0.363	0.600	0.274	0.376
arguments-test	r-m-hare	2023-01-28-12-36-10	0.443	0.585	0.505	0.369	0.699	0.483	0.691	0.639	0.664	0.175	0.312	0.224	0.182	0.308	0.229	0.587	0.631	0.608	0.349	0.546	0.426	0.373	0.571	0.451	0.237	0.510	0.323	0.704	0.782	0.741	0.553	0.730	0.630	0.455	0.750	0.566	0.479	0.627	0.543	0.456	0.491	0.473	0.119	0.216	0.154	0.450	0.640	0.528	0.276	0.521	0.361	0.685	0.799	0.738	0.853	0.764	0.806	0.320	0.631	0.425	0.556	0.539	0.547
arguments-test	r-m-hare	2023-01-28-12-44-58	0.280	0.354	0.312	0.068	0.182	0.099	0.147	0.118	0.131	0.175	0.312	0.224	0.000	0.000	0.000	0.141	0.107	0.122	0.349	0.546	0.426	0.000	0.000	0.000	0.237	0.510	0.323	0.684	0.860	0.762	0.156	0.038	0.061	0.073	0.244	0.112	0.293	0.505	0.371	0.009	0.057	0.016	0.351	0.446	0.393	0.091	0.006	0.011	0.310	0.374	0.339	0.700	0.838	0.763	0.920	0.799	0.855	0.354	0.518	0.421	0.531	0.611	0.569
arguments-test	r-m-hare	2023-01-28-12-58-29	0.280	0.354	0.312	0.068	0.182	0.099	0.147	0.118	0.131	0.175	0.312	0.224	0.000	0.000	0.000	0.141	0.107	0.122	0.349	0.546	0.426	0.000	0.000	0.000	0.237	0.510	0.323	0.684	0.860	0.762	0.156	0.038	0.061	0.073	0.244	0.112	0.293	0.505	0.371	0.009	0.057	0.016	0.351	0.446	0.393	0.091	0.006	0.011	0.310	0.374	0.339	0.700	0.838	0.763	0.920	0.799	0.855	0.354	0.518	0.421	0.531	0.611	0.569
arguments-test	r-m-hare	2023-01-28-12-58-47	0.214	0.239	0.226	0.065	0.175	0.095	0.154	0.136	0.144	0.000	0.000	0.000	0.000	0.000	0.000	0.124	0.097	0.109	0.349	0.546	0.426	0.000	0.000	0.000	0.032	0.031	0.032	0.030	0.004	0.007	0.184	0.040	0.066	0.071	0.238	0.110	0.291	0.443	0.351	0.009	0.057	0.016	0.351	0.446	0.393	0.095	0.006	0.011	0.310	0.374	0.339	0.699	0.840	0.763	0.898	0.792	0.841	0.354	0.518	0.421	0.273	0.045	0.077
arguments-test	robert-s-hartman	2023-01-27-15-03-52	0.566	0.419	0.482	0.602	0.455	0.518	0.706	0.560	0.625	0.387	0.156	0.222	0.444	0.154	0.229	0.643	0.541	0.588	0.623	0.306	0.410	0.526	0.390	0.448	0.364	0.250	0.296	0.776	0.723	0.748	0.607	0.635	0.621	0.650	0.387	0.485	0.563	0.481	0.519	0.714	0.377	0.494	0.206	0.189	0.197	0.568	0.494	0.529	0.341	0.190	0.244	0.712	0.735	0.723	0.853	0.764	0.806	0.394	0.333	0.361	0.649	0.263	0.375
arguments-test	robert-s-hartman	2023-01-27-22-02-44	0.566	0.419	0.482	0.602	0.455	0.518	0.706	0.560	0.625	0.387	0.156	0.222	0.444	0.154	0.229	0.643	0.541	0.588	0.623	0.306	0.410	0.526	0.390	0.448	0.364	0.250	0.296	0.776	0.723	0.748	0.607	0.635	0.621	0.650	0.387	0.485	0.563	0.481	0.519	0.714	0.377	0.494	0.206	0.189	0.197	0.568	0.494	0.529	0.341	0.190	0.244	0.712	0.735	0.723	0.853	0.764	0.806	0.394	0.333	0.361	0.649	0.263	0.375
arguments-test	rudolf-christoph-eucken	2023-01-28-10-25-13	0.415	0.553	0.474	0.273	0.762	0.401	0.532	0.696	0.603	0.435	0.130	0.200	0.167	0.385	0.233	0.513	0.723	0.600	0.433	0.389	0.410	0.344	0.829	0.486	0.255	0.250	0.253	0.558	0.926	0.696	0.436	0.814	0.568	0.556	0.685	0.613	0.482	0.523	0.502	0.412	0.528	0.463	0.137	0.135	0.136	0.369	0.735	0.492	0.167	0.442	0.242	0.609	0.854	0.711	0.756	0.840	0.796	0.293	0.149	0.197	0.578	0.274	0.372
arguments-test	rudolf-christoph-eucken	2023-01-28-10-26-11	0.414	0.578	0.483	0.263	0.769	0.392	0.526	0.765	0.624	0.435	0.130	0.200	0.167	0.385	0.233	0.507	0.752	0.606	0.442	0.426	0.434	0.339	0.829	0.481	0.255	0.250	0.253	0.555	0.933	0.696	0.436	0.829	0.571	0.532	0.750	0.622	0.479	0.610	0.537	0.406	0.528	0.459	0.132	0.135	0.133	0.368	0.735	0.490	0.165	0.442	0.240	0.590	0.888	0.709	0.755	0.854	0.801	0.339	0.210	0.259	0.598	0.331	0.426
arguments-test	rudolf-christoph-eucken	2023-01-28-10-27-53	0.396	0.281	0.329	0.352	0.406	0.377	0.656	0.253	0.365	0.435	0.130	0.200	0.067	0.077	0.071	0.515	0.170	0.255	0.444	0.037	0.068	0.344	0.410	0.374	0.229	0.115	0.153	0.598	0.441	0.508	0.244	0.073	0.112	0.391	0.054	0.094	0.461	0.122	0.193	0.214	0.057	0.090	0.141	0.122	0.130	0.377	0.714	0.494	0.168	0.387	0.234	0.611	0.840	0.707	0.784	0.806	0.795	0.319	0.149	0.203	0.567	0.259	0.356
arguments-test	rudolf-christoph-eucken	2023-01-28-10-28-43	0.416	0.564	0.479	0.273	0.762	0.401	0.529	0.708	0.605	0.435	0.130	0.200	0.167	0.385	0.233	0.513	0.735	0.604	0.433	0.389	0.410	0.340	0.829	0.482	0.255	0.250	0.253	0.557	0.931	0.697	0.437	0.816	0.569	0.555	0.690	0.615	0.479	0.544	0.509	0.412	0.528	0.463	0.132	0.135	0.133	0.368	0.735	0.490	0.165	0.442	0.240	0.590	0.888	0.709	0.755	0.854	0.801	0.339	0.210	0.259	0.594	0.323	0.418
arguments-test	seyyed-hossein-nasr	2023-01-28-00-23-16	0.422	0.529	0.470	0.328	0.580	0.419	0.554	0.655	0.600	0.211	0.195	0.203	0.167	0.269	0.206	0.582	0.658	0.617	0.329	0.463	0.385	0.450	0.686	0.543	0.227	0.260	0.243	0.688	0.791	0.736	0.488	0.728	0.584	0.388	0.554	0.456	0.444	0.606	0.513	0.540	0.509	0.524	0.179	0.203	0.190	0.397	0.679	0.501	0.225	0.264	0.243	0.648	0.781	0.708	0.758	0.806	0.781	0.302	0.446	0.360	0.538	0.448	0.489
arguments-test	seyyed-hossein-nasr	2023-01-28-14-09-23	0.459	0.386	0.419	0.465	0.420	0.441	0.726	0.501	0.593	0.250	0.065	0.103	0.167	0.038	0.062	0.584	0.481	0.527	0.553	0.241	0.335	0.500	0.619	0.553	0.306	0.156	0.207	0.723	0.788	0.754	0.534	0.678	0.597	0.434	0.446	0.440	0.551	0.509	0.529	0.000	0.000	0.000	0.170	0.108	0.132	0.471	0.554	0.509	0.227	0.104	0.143	0.661	0.633	0.646	0.842	0.667	0.744	0.452	0.364	0.403	0.574	0.344	0.430
arguments-test	seyyed-hossein-nasr	2023-01-28-14-23-43	0.414	0.547	0.471	0.324	0.580	0.416	0.549	0.675	0.606	0.211	0.195	0.203	0.167	0.269	0.206	0.558	0.677	0.612	0.333	0.472	0.391	0.446	0.705	0.546	0.227	0.260	0.243	0.638	0.855	0.731	0.466	0.776	0.582	0.371	0.583	0.454	0.452	0.655	0.535	0.529	0.509	0.519	0.170	0.203	0.185	0.387	0.690	0.496	0.225	0.264	0.243	0.636	0.820	0.716	0.736	0.812	0.772	0.311	0.477	0.377	0.535	0.452	0.490
arguments-test	soren-kierkegaard	2023-01-25-15-47-28	0.564	0.430	0.488	0.585	0.483	0.529	0.662	0.512	0.577	0.345	0.130	0.189	0.350	0.269	0.304	0.659	0.512	0.577	0.634	0.241	0.349	0.482	0.514	0.498	0.400	0.208	0.274	0.736	0.760	0.748	0.628	0.617	0.623	0.614	0.577	0.595	0.667	0.439	0.529	0.758	0.472	0.581	0.239	0.149	0.183	0.539	0.530	0.535	0.286	0.098	0.146	0.707	0.753	0.729	0.775	0.764	0.769	0.484	0.313	0.380	0.721	0.263	0.386
arguments-test	stanley-grenz	2022-12-16-22-22-41	0.530	0.286	0.372	0.587	0.448	0.508	0.724	0.483	0.580	0.000	0.000	0.000	1.000	0.038	0.074	0.672	0.408	0.508	0.583	0.065	0.117	0.507	0.343	0.409	0.000	0.000	0.000	0.736	0.758	0.747	0.635	0.579	0.606	0.634	0.310	0.416	0.523	0.355	0.423	0.000	0.000	0.000	0.143	0.014	0.025	0.629	0.348	0.448	0.400	0.012	0.024	0.689	0.702	0.696	0.879	0.556	0.681	0.510	0.133	0.211	0.750	0.172	0.280
arguments-test	stanley-grenz	2023-01-26-21-29-02	0.637	0.364	0.463	0.566	0.538	0.552	0.708	0.558	0.624	0.750	0.039	0.074	0.800	0.154	0.258	0.675	0.500	0.575	0.571	0.148	0.235	0.475	0.362	0.411	1.000	0.042	0.080	0.748	0.747	0.747	0.603	0.650	0.625	0.605	0.530	0.565	0.542	0.425	0.477	0.714	0.094	0.167	0.235	0.054	0.088	0.603	0.435	0.505	0.366	0.092	0.147	0.735	0.752	0.743	0.822	0.674	0.740	0.527	0.246	0.336	0.690	0.246	0.363
arguments-test	stanley-grenz	2023-01-27-23-37-39	0.666	0.406	0.504	0.567	0.531	0.549	0.818	0.573	0.674	0.667	0.052	0.096	0.625	0.192	0.294	0.643	0.583	0.611	0.727	0.222	0.340	0.533	0.457	0.492	0.769	0.104	0.183	0.748	0.784	0.765	0.651	0.647	0.649	0.717	0.542	0.617	0.624	0.446	0.520	0.900	0.170	0.286	0.385	0.068	0.115	0.659	0.506	0.572	0.463	0.153	0.230	0.714	0.784	0.747	0.895	0.708	0.791	0.523	0.292	0.375	0.686	0.306	0.423
arguments-test	stanley-grenz	2023-01-28-00-22-27	0.633	0.410	0.498	0.579	0.462	0.514	0.795	0.596	0.681	0.500	0.039	0.072	0.750	0.231	0.353	0.659	0.558	0.604	0.632	0.222	0.329	0.494	0.410	0.448	0.625	0.104	0.179	0.746	0.743	0.744	0.670	0.650	0.660	0.726	0.488	0.584	0.611	0.443	0.513	0.792	0.358	0.494	0.171	0.081	0.110	0.625	0.527	0.572	0.439	0.221	0.294	0.720	0.798	0.757	0.920	0.722	0.809	0.479	0.231	0.311	0.725	0.318	0.442
arguments-test	stanley-grenz	2023-01-28-23-51-00	0.624	0.404	0.490	0.590	0.483	0.531	0.772	0.606	0.679	0.429	0.039	0.071	0.400	0.154	0.222	0.665	0.524	0.586	0.638	0.278	0.387	0.487	0.362	0.415	0.733	0.115	0.198	0.751	0.760	0.756	0.645	0.645	0.645	0.701	0.488	0.575	0.633	0.463	0.535	0.867	0.245	0.382	0.250	0.081	0.122	0.623	0.536	0.576	0.472	0.209	0.289	0.732	0.759	0.745	0.937	0.722	0.816	0.500	0.267	0.348	0.655	0.346	0.453
arguments-test	t-m-scanlon	2022-12-16-12-10-01	0.585	0.418	0.488	0.581	0.476	0.523	0.792	0.614	0.692	0.500	0.039	0.072	0.625	0.192	0.294	0.635	0.570	0.601	0.518	0.269	0.354	0.531	0.410	0.462	0.538	0.146	0.230	0.758	0.730	0.744	0.624	0.685	0.653	0.729	0.464	0.567	0.537	0.509	0.522	0.412	0.132	0.200	0.229	0.149	0.180	0.562	0.542	0.552	0.415	0.239	0.304	0.711	0.776	0.742	0.933	0.771	0.844	0.403	0.308	0.349	0.668	0.350	0.460
arguments-test	t-m-scanlon	2023-01-28-08-05-39	0.540	0.372	0.441	0.528	0.462	0.493	0.656	0.512	0.575	0.333	0.052	0.090	0.250	0.154	0.190	0.680	0.536	0.600	0.543	0.176	0.266	0.500	0.343	0.407	0.400	0.083	0.138	0.755	0.723	0.738	0.599	0.612	0.605	0.573	0.375	0.453	0.635	0.401	0.491	0.615	0.302	0.405	0.238	0.068	0.105	0.513	0.545	0.528	0.321	0.104	0.157	0.664	0.741	0.700	0.849	0.625	0.720	0.504	0.338	0.405	0.654	0.285	0.396
arguments-test	t-m-scanlon	2023-01-28-08-06-13	0.547	0.386	0.453	0.507	0.510	0.509	0.681	0.606	0.641	0.667	0.052	0.096	0.500	0.192	0.278	0.592	0.532	0.560	0.453	0.269	0.337	0.455	0.286	0.351	0.455	0.052	0.093	0.679	0.717	0.697	0.557	0.650	0.600	0.601	0.548	0.573	0.518	0.345	0.414	0.500	0.264	0.346	0.208	0.068	0.102	0.512	0.521	0.516	0.357	0.123	0.183	0.696	0.736	0.716	0.853	0.646	0.735	0.452	0.313	0.370	0.701	0.293	0.413
arguments-test	t-m-scanlon	2023-01-28-08-06-35	0.573	0.434	0.494	0.643	0.503	0.565	0.739	0.609	0.668	0.429	0.117	0.184	0.533	0.308	0.390	0.645	0.612	0.628	0.527	0.269	0.356	0.549	0.429	0.481	0.400	0.188	0.255	0.759	0.734	0.746	0.585	0.683	0.630	0.682	0.357	0.469	0.560	0.502	0.529	0.577	0.283	0.380	0.297	0.149	0.198	0.494	0.515	0.504	0.370	0.270	0.312	0.709	0.757	0.732	0.862	0.778	0.818	0.452	0.313	0.370	0.649	0.310	0.420
arguments-test	t-m-scanlon	2023-01-28-08-06-55	0.541	0.416	0.470	0.631	0.490	0.551	0.690	0.645	0.667	0.240	0.078	0.118	0.235	0.154	0.186	0.620	0.534	0.574	0.593	0.296	0.395	0.451	0.305	0.364	0.306	0.115	0.167	0.744	0.709	0.726	0.609	0.668	0.637	0.667	0.464	0.547	0.556	0.470	0.509	0.600	0.283	0.385	0.349	0.203	0.256	0.526	0.458	0.490	0.353	0.294	0.321	0.729	0.770	0.749	0.917	0.694	0.791	0.409	0.333	0.367	0.596	0.350	0.441
arguments-test	tenzin-gyatso	2023-01-28-06-38-34	0.194	0.200	0.197	0.061	0.462	0.108	0.133	0.033	0.053	0.071	0.597	0.126	0.007	0.077	0.012	0.593	0.524	0.557	0.143	0.009	0.017	0.011	0.010	0.010	0.154	0.021	0.037	0.473	0.147	0.224	0.460	0.073	0.126	0.123	0.375	0.185	0.416	0.439	0.427	0.026	0.057	0.036	0.000	0.000	0.000	0.412	0.530	0.464	0.169	0.313	0.219	0.273	0.170	0.210	0.046	0.104	0.064	0.059	0.005	0.009	0.248	0.055	0.090
arguments-test	tenzin-gyatso	2023-01-28-10-29-19	0.471	0.359	0.407	0.443	0.434	0.438	0.698	0.555	0.618	0.231	0.039	0.067	0.250	0.077	0.118	0.644	0.369	0.469	0.414	0.269	0.326	0.444	0.457	0.451	0.149	0.073	0.098	0.671	0.741	0.704	0.540	0.607	0.572	0.507	0.411	0.454	0.456	0.394	0.422	0.583	0.132	0.215	0.111	0.122	0.116	0.492	0.449	0.470	0.273	0.166	0.206	0.648	0.702	0.674	0.867	0.632	0.731	0.333	0.287	0.309	0.665	0.257	0.371
arguments-test	tenzin-gyatso	2023-01-28-12-47-53	0.164	0.108	0.130	0.000	0.000	0.000	0.200	0.005	0.010	0.054	0.078	0.063	0.029	0.077	0.042	0.174	0.063	0.093	0.048	0.250	0.080	0.054	0.238	0.088	0.098	0.042	0.058	0.018	0.002	0.003	0.441	0.244	0.314	0.000	0.000	0.000	0.028	0.021	0.024	0.000	0.000	0.000	0.000	0.000	0.000	0.168	0.140	0.153	0.000	0.000	0.000	0.586	0.629	0.607	0.814	0.243	0.374	0.312	0.077	0.123	0.264	0.051	0.085
arguments-test	theodor-zwinger	2023-01-11-08-14-46	0.572	0.507	0.537	0.562	0.601	0.581	0.747	0.680	0.712	0.541	0.260	0.351	0.381	0.308	0.340	0.619	0.631	0.625	0.600	0.333	0.429	0.429	0.571	0.490	0.426	0.240	0.307	0.786	0.806	0.796	0.638	0.715	0.675	0.510	0.589	0.547	0.611	0.613	0.612	0.694	0.472	0.562	0.243	0.122	0.162	0.610	0.545	0.575	0.363	0.325	0.343	0.729	0.823	0.773	0.866	0.806	0.835	0.411	0.379	0.395	0.673	0.310	0.424
arguments-test	theodor-zwinger	2023-01-27-04-05-18	0.575	0.505	0.538	0.575	0.615	0.595	0.744	0.685	0.714	0.536	0.195	0.286	0.389	0.269	0.318	0.626	0.592	0.608	0.613	0.352	0.447	0.448	0.533	0.487	0.408	0.323	0.360	0.764	0.808	0.786	0.624	0.718	0.667	0.508	0.595	0.548	0.584	0.592	0.588	0.703	0.491	0.578	0.231	0.081	0.120	0.607	0.551	0.577	0.390	0.294	0.336	0.721	0.811	0.763	0.864	0.840	0.852	0.469	0.385	0.423	0.692	0.372	0.483
arguments-test	tom-regan	2023-01-06-04-27-02	0.529	0.416	0.466	0.571	0.364	0.444	0.680	0.593	0.634	0.400	0.104	0.165	0.667	0.154	0.250	0.674	0.502	0.576	0.333	0.120	0.177	0.400	0.571	0.471	0.375	0.156	0.221	0.677	0.764	0.717	0.550	0.703	0.617	0.469	0.577	0.517	0.450	0.484	0.466	0.783	0.340	0.474	0.303	0.270	0.286	0.451	0.551	0.496	0.398	0.215	0.279	0.700	0.784	0.739	0.771	0.583	0.664	0.366	0.210	0.267	0.562	0.268	0.363
arguments-test-nahjalbalagha	adam-smith	2023-01-27-17-10-51	0.273	0.546	0.364	0.067	0.500	0.118	0.289	0.846	0.431	0.500	0.500	0.500	0.500	0.500	0.500	0.545	0.845	0.663	0.250	0.200	0.222	0.000	0.000	0.000	0.613	0.514	0.559	0.467	0.530	0.496	0.135	0.875	0.233	0.474	0.643	0.545	0.132	0.895	0.230	0.111	0.222	0.148	0.316	0.300	0.308	0.180	0.846	0.297	0.165	0.722	0.268	0.160	0.722	0.263	0.333	0.500	0.400	0.000	0.000	0.000	0.225	0.762	0.348
arguments-test-nahjalbalagha	adam-smith	2023-01-27-18-19-16	0.335	0.494	0.399	0.080	0.333	0.129	0.344	0.846	0.489	0.333	0.500	0.400	0.500	0.500	0.500	0.600	0.718	0.654	0.333	0.200	0.250	0.000	0.000	0.000	0.625	0.541	0.580	0.525	0.485	0.504	0.184	0.875	0.304	0.565	0.464	0.510	0.167	0.789	0.275	0.188	0.333	0.240	0.333	0.250	0.286	0.204	0.808	0.326	0.260	0.722	0.382	0.194	0.389	0.259	1.000	0.500	0.667	0.000	0.000	0.000	0.255	0.619	0.361
arguments-test-nahjalbalagha	adam-smith	2023-01-27-18-21-20	0.242	0.569	0.339	0.033	0.333	0.060	0.234	0.846	0.367	0.250	0.500	0.333	0.333	0.500	0.400	0.496	0.845	0.625	0.250	0.200	0.222	0.143	0.250	0.182	0.567	0.459	0.507	0.379	0.712	0.495	0.127	1.000	0.225	0.419	0.643	0.507	0.120	0.947	0.213	0.154	0.444	0.229	0.200	0.200	0.200	0.139	0.846	0.239	0.149	0.611	0.239	0.138	0.833	0.236	0.500	0.500	0.500	0.000	0.000	0.000	0.205	0.714	0.319
arguments-test-nahjalbalagha	adam-smith	2023-01-27-19-17-37	0.232	0.616	0.337	0.050	0.500	0.091	0.204	0.846	0.328	0.250	0.500	0.333	0.400	0.500	0.444	0.455	0.845	0.591	0.154	0.400	0.222	0.167	0.250	0.200	0.553	0.703	0.619	0.427	0.621	0.506	0.111	0.875	0.197	0.463	0.679	0.551	0.131	0.895	0.228	0.080	0.222	0.118	0.179	0.350	0.237	0.154	0.885	0.263	0.140	0.833	0.240	0.170	0.944	0.288	0.333	0.500	0.400	0.032	0.167	0.054	0.187	0.810	0.304
arguments-test-nahjalbalagha	aristotle	1-baseline	0.069	1.000	0.128	0.022	1.000	0.042	0.047	1.000	0.089	0.007	1.000	0.014	0.014	1.000	0.028	0.254	1.000	0.406	0.018	1.000	0.035	0.014	1.000	0.028	0.133	1.000	0.234	0.237	1.000	0.383	0.029	1.000	0.056	0.100	1.000	0.182	0.068	1.000	0.128	0.032	1.000	0.062	0.072	1.000	0.134	0.093	1.000	0.170	0.065	1.000	0.121	0.065	1.000	0.121	0.007	1.000	0.014	0.022	1.000	0.042	0.075	1.000	0.140
arguments-test-nahjalbalagha	aristotle	BERT	0.275	0.282	0.279	0.087	0.333	0.138	0.055	0.308	0.093	0.000	0.000	0.000	1.000	0.500	0.667	0.533	0.338	0.414	0.000	0.000	0.000	0.000	0.000	0.000	1.000	0.162	0.279	0.340	0.242	0.283	0.143	0.625	0.233	0.400	0.357	0.377	0.139	0.263	0.182	0.250	0.111	0.154	0.500	0.100	0.167	0.227	0.769	0.351	0.179	0.278	0.217	0.124	0.611	0.206	0.000	0.000	0.000	0.250	0.167	0.200	0.278	0.476	0.351
arguments-test-nahjalbalagha	aristotle	Random baseline	0.074	0.167	0.103	0.019	0.167	0.034	0.063	0.385	0.109	0.000	0.000	0.000	0.125	0.250	0.167	0.195	0.211	0.203	0.043	0.200	0.071	0.000	0.000	0.000	0.222	0.108	0.145	0.239	0.394	0.297	0.021	0.250	0.038	0.125	0.143	0.133	0.043	0.158	0.068	0.000	0.000	0.000	0.125	0.150	0.136	0.096	0.269	0.141	0.077	0.222	0.114	0.052	0.333	0.090	0.000	0.000	0.000	0.000	0.000	0.000	0.040	0.095	0.056
arguments-test-nahjalbalagha	aristotle	SVM	0.157	0.216	0.182	0.057	0.333	0.098	0.049	0.154	0.074	0.000	0.000	0.000	0.250	0.250	0.250	0.391	0.254	0.308	0.000	0.000	0.000	0.250	0.500	0.333	0.200	0.081	0.115	0.357	0.303	0.328	0.071	0.500	0.125	0.600	0.214	0.316	0.033	0.053	0.041	0.000	0.000	0.000	0.167	0.050	0.077	0.141	0.346	0.200	0.192	0.278	0.227	0.145	0.500	0.225	0.000	0.000	0.000	0.059	0.167	0.087	0.171	0.333	0.226
arguments-test-nahjalbalagha	aristoxenus	2023-01-23-19-44-02	0.173	0.304	0.220	0.097	0.500	0.162	0.240	0.462	0.316	0.000	0.000	0.000	0.250	0.250	0.250	0.514	0.507	0.511	0.000	0.000	0.000	0.000	0.000	0.000	0.364	0.108	0.167	0.486	0.258	0.337	0.091	0.750	0.162	0.292	0.250	0.269	0.163	0.421	0.235	0.074	0.222	0.111	0.000	0.000	0.000	0.275	0.538	0.364	0.182	0.222	0.200	0.163	0.778	0.269	0.125	0.500	0.200	0.037	0.167	0.061	0.100	0.143	0.118
arguments-test-nahjalbalagha	aristoxenus	2023-01-23-19-46-09	0.196	0.342	0.249	0.045	0.333	0.080	0.118	0.154	0.133	0.000	0.000	0.000	0.333	0.250	0.286	0.554	0.437	0.488	0.000	0.000	0.000	0.167	0.250	0.200	0.500	0.135	0.213	0.514	0.273	0.356	0.132	0.875	0.230	0.320	0.286	0.302	0.165	0.737	0.269	0.077	0.222	0.114	0.000	0.000	0.000	0.259	0.538	0.350	0.208	0.278	0.238	0.156	0.778	0.259	0.111	0.500	0.182	0.056	0.167	0.083	0.213	0.619	0.317
arguments-test-nahjalbalagha	arthur-caplan	2023-01-21-14-34-48	0.184	0.522	0.272	0.039	0.500	0.073	0.200	0.538	0.292	0.077	0.500	0.133	0.143	0.500	0.222	0.621	0.577	0.599	0.059	0.400	0.103	0.000	0.000	0.000	0.404	0.622	0.489	0.451	0.348	0.393	0.129	0.500	0.205	0.408	0.714	0.519	0.241	0.737	0.364	0.094	0.333	0.146	0.125	0.550	0.204	0.253	0.769	0.381	0.102	0.889	0.183	0.165	0.722	0.268	0.000	0.000	0.000	0.029	0.333	0.054	0.145	0.905	0.250
arguments-test-nahjalbalagha	arthur-caplan	2023-01-22-01-30-17	0.184	0.522	0.272	0.039	0.500	0.073	0.200	0.538	0.292	0.077	0.500	0.133	0.143	0.500	0.222	0.621	0.577	0.599	0.059	0.400	0.103	0.000	0.000	0.000	0.404	0.622	0.489	0.451	0.348	0.393	0.129	0.500	0.205	0.408	0.714	0.519	0.241	0.737	0.364	0.094	0.333	0.146	0.125	0.550	0.204	0.253	0.769	0.381	0.102	0.889	0.183	0.165	0.722	0.268	0.000	0.000	0.000	0.029	0.333	0.054	0.145	0.905	0.250
arguments-test-nahjalbalagha	arthur-caplan	2023-01-24-14-19-24	0.183	0.641	0.285	0.056	0.500	0.100	0.131	0.846	0.227	0.083	0.500	0.143	0.143	0.500	0.222	0.505	0.761	0.607	0.069	0.400	0.118	0.118	0.500	0.190	0.429	0.649	0.516	0.411	0.591	0.484	0.094	0.750	0.167	0.417	0.714	0.526	0.128	0.789	0.221	0.136	0.333	0.194	0.150	0.600	0.240	0.141	0.923	0.245	0.112	0.833	0.197	0.124	0.889	0.218	0.200	0.500	0.286	0.045	0.333	0.080	0.168	0.905	0.284
arguments-test-nahjalbalagha	arthur-caplan	2023-01-24-15-26-49	0.188	0.575	0.283	0.065	0.500	0.115	0.153	0.846	0.259	0.000	0.000	0.000	0.182	0.500	0.267	0.520	0.746	0.613	0.077	0.400	0.129	0.000	0.000	0.000	0.480	0.649	0.552	0.448	0.591	0.510	0.115	0.750	0.200	0.463	0.679	0.551	0.140	0.789	0.238	0.105	0.222	0.143	0.147	0.550	0.232	0.146	0.923	0.253	0.109	0.778	0.192	0.122	0.833	0.213	0.250	0.500	0.333	0.059	0.333	0.100	0.171	0.905	0.288
arguments-test-nahjalbalagha	augustine-of-hippo	2023-01-13-12-52-05	0.121	0.371	0.182	0.071	0.167	0.100	0.157	0.615	0.250	0.111	0.500	0.182	0.250	0.250	0.250	0.329	0.352	0.340	0.022	0.400	0.042	0.000	0.000	0.000	0.167	0.135	0.149	0.312	0.439	0.365	0.062	0.750	0.114	0.047	0.071	0.056	0.120	0.526	0.196	0.100	0.333	0.154	0.182	0.200	0.190	0.140	0.615	0.229	0.086	0.333	0.136	0.108	0.833	0.191	0.000	0.000	0.000	0.038	0.333	0.069	0.111	0.571	0.186
arguments-test-nahjalbalagha	augustine-of-hippo	2023-01-27-09-49-28	0.100	0.598	0.172	0.051	0.500	0.092	0.081	0.846	0.148	0.077	0.500	0.133	0.143	0.500	0.222	0.303	0.831	0.444	0.029	0.800	0.055	0.000	0.000	0.000	0.143	0.189	0.163	0.258	0.924	0.404	0.042	0.875	0.080	0.154	0.357	0.215	0.073	0.632	0.130	0.050	0.667	0.093	0.214	0.300	0.250	0.106	0.885	0.189	0.094	0.889	0.170	0.075	1.000	0.139	0.000	0.000	0.000	0.034	0.500	0.065	0.083	0.762	0.150
arguments-test-nahjalbalagha	augustine-of-hippo	2023-01-27-10-31-15	0.149	0.495	0.229	0.045	0.333	0.080	0.098	0.462	0.162	0.000	0.000	0.000	0.054	0.500	0.098	0.484	0.648	0.554	0.048	0.400	0.085	0.056	0.500	0.100	0.433	0.351	0.388	0.398	0.561	0.465	0.074	0.875	0.137	0.367	0.786	0.500	0.141	0.579	0.227	0.000	0.000	0.000	0.081	0.150	0.105	0.165	0.808	0.275	0.157	0.444	0.232	0.160	0.889	0.271	0.042	1.000	0.080	0.000	0.000	0.000	0.169	0.619	0.265
arguments-test-nahjalbalagha	confucius	2023-01-20-15-39-35	0.206	0.597	0.307	0.047	0.500	0.086	0.193	0.846	0.314	0.167	0.500	0.250	0.286	0.500	0.364	0.483	0.803	0.603	0.063	0.800	0.118	0.222	0.500	0.308	0.550	0.595	0.571	0.405	0.455	0.429	0.104	0.875	0.187	0.395	0.536	0.455	0.128	0.789	0.221	0.125	0.222	0.160	0.206	0.350	0.259	0.182	0.846	0.299	0.100	0.778	0.177	0.128	0.778	0.220	0.200	0.500	0.286	0.000	0.000	0.000	0.144	0.762	0.242
arguments-test-nahjalbalagha	david-gauthier	2023-01-26-14-23-34	0.220	0.414	0.287	0.091	0.333	0.143	0.156	0.385	0.222	0.333	0.500	0.400	0.000	0.000	0.000	0.533	0.563	0.548	0.000	0.000	0.000	0.000	0.000	0.000	0.727	0.216	0.333	0.488	0.303	0.374	0.146	0.750	0.245	0.467	0.500	0.483	0.163	0.737	0.267	0.051	0.222	0.083	0.267	0.200	0.229	0.214	0.808	0.339	0.241	0.389	0.298	0.110	0.778	0.193	0.125	0.500	0.200	0.061	0.333	0.103	0.219	0.762	0.340
arguments-test-nahjalbalagha	epicurus	2023-01-26-16-58-51	0.166	0.443	0.241	0.105	0.333	0.160	0.100	0.538	0.169	0.000	0.000	0.000	0.143	0.250	0.182	0.485	0.451	0.467	0.048	0.200	0.077	0.083	0.250	0.125	0.536	0.405	0.462	0.356	0.394	0.374	0.189	0.875	0.311	0.271	0.679	0.388	0.093	0.368	0.149	0.036	0.222	0.062	0.096	0.400	0.155	0.189	0.885	0.311	0.149	0.556	0.235	0.108	0.778	0.189	0.077	0.500	0.133	0.033	0.167	0.056	0.217	0.619	0.321
arguments-test-nahjalbalagha	epicurus	2023-01-26-22-37-05	0.179	0.473	0.260	0.107	0.500	0.176	0.123	0.615	0.205	0.000	0.000	0.000	0.125	0.250	0.167	0.514	0.535	0.524	0.024	0.200	0.043	0.083	0.250	0.125	0.548	0.459	0.500	0.330	0.515	0.402	0.127	0.875	0.222	0.455	0.536	0.492	0.132	0.368	0.194	0.100	0.111	0.105	0.148	0.650	0.241	0.188	0.731	0.299	0.164	0.500	0.247	0.150	0.833	0.254	0.067	0.500	0.118	0.024	0.167	0.043	0.176	0.857	0.293
arguments-test-nahjalbalagha	epicurus	2023-01-28-11-53-42	0.192	0.450	0.269	0.054	0.333	0.093	0.118	0.615	0.198	0.000	0.000	0.000	0.250	0.250	0.250	0.468	0.521	0.493	0.111	0.400	0.174	0.077	0.250	0.118	0.571	0.324	0.414	0.350	0.424	0.384	0.070	0.750	0.128	0.378	0.607	0.466	0.128	0.526	0.206	0.333	0.222	0.267	0.083	0.150	0.107	0.176	0.846	0.291	0.143	0.556	0.227	0.138	0.833	0.236	0.167	0.500	0.250	0.036	0.167	0.059	0.192	0.714	0.303
arguments-test-nahjalbalagha	fazlur-rahman	2023-01-26-17-54-26	0.254	0.333	0.289	0.100	0.333	0.154	0.267	0.308	0.286	0.000	0.000	0.000	1.000	0.250	0.400	0.627	0.521	0.569	0.000	0.000	0.000	0.000	0.000	0.000	0.000	0.000	0.000	0.403	0.409	0.406	0.146	0.750	0.245	0.000	0.000	0.000	0.145	1.000	0.253	0.000	0.000	0.000	0.500	0.050	0.091	0.237	0.731	0.358	0.300	0.500	0.375	0.185	0.556	0.278	1.000	0.500	0.667	0.000	0.000	0.000	0.174	0.762	0.283
arguments-test-nahjalbalagha	george-boole	2023-01-19-17-13-15	0.202	0.386	0.265	0.043	0.333	0.075	0.286	0.308	0.296	0.200	0.500	0.286	0.200	0.250	0.222	0.541	0.563	0.552	0.167	0.200	0.182	0.000	0.000	0.000	0.294	0.135	0.185	0.437	0.470	0.453	0.122	0.750	0.211	0.296	0.286	0.291	0.172	0.526	0.260	0.231	0.333	0.273	0.250	0.300	0.273	0.189	0.654	0.293	0.191	0.722	0.302	0.133	0.556	0.215	0.000	0.000	0.000	0.067	0.167	0.095	0.212	0.667	0.322
arguments-test-nahjalbalagha	mao-zedong	2023-01-13-10-30-42	0.174	0.612	0.271	0.054	0.500	0.097	0.147	0.846	0.250	0.100	0.500	0.167	0.167	0.500	0.250	0.538	0.803	0.644	0.062	0.800	0.116	0.071	0.250	0.111	0.453	0.649	0.533	0.429	0.545	0.480	0.106	0.875	0.189	0.333	0.679	0.447	0.120	0.842	0.211	0.069	0.222	0.105	0.101	0.400	0.162	0.176	0.846	0.291	0.096	0.833	0.172	0.113	0.667	0.194	0.143	0.500	0.222	0.029	0.167	0.049	0.168	0.810	0.279
arguments-test-nahjalbalagha	mao-zedong	2023-01-24-03-42-23	0.192	0.615	0.292	0.033	0.333	0.060	0.196	0.692	0.305	0.091	1.000	0.167	0.222	0.500	0.308	0.492	0.817	0.614	0.069	0.800	0.127	0.167	0.500	0.250	0.490	0.649	0.558	0.402	0.500	0.446	0.108	0.875	0.192	0.370	0.607	0.459	0.150	0.842	0.254	0.125	0.222	0.160	0.141	0.450	0.214	0.214	0.808	0.339	0.088	0.667	0.156	0.137	0.722	0.230	0.167	0.500	0.250	0.000	0.000	0.000	0.173	0.810	0.286
arguments-test-nahjalbalagha	mao-zedong	2023-01-26-05-34-31	0.216	0.617	0.321	0.030	0.333	0.056	0.263	0.769	0.392	0.182	1.000	0.308	0.400	0.500	0.444	0.547	0.817	0.655	0.056	0.600	0.102	0.214	0.750	0.333	0.491	0.730	0.587	0.382	0.439	0.408	0.092	0.750	0.164	0.346	0.643	0.450	0.146	0.737	0.243	0.125	0.222	0.160	0.222	0.500	0.308	0.224	0.846	0.355	0.117	0.778	0.203	0.152	0.667	0.247	0.167	0.500	0.250	0.000	0.000	0.000	0.174	0.762	0.283
arguments-test-nahjalbalagha	niccolo-machiavellie	2023-01-28-09-56-38	0.162	0.252	0.197	0.049	0.333	0.085	0.125	0.231	0.162	0.000	0.000	0.000	0.000	0.000	0.000	0.465	0.465	0.465	0.500	0.200	0.286	0.000	0.000	0.000	0.000	0.000	0.000	0.485	0.242	0.323	0.233	0.875	0.368	0.000	0.000	0.000	0.163	0.684	0.263	0.000	0.000	0.000	0.200	0.050	0.080	0.364	0.308	0.333	0.294	0.278	0.286	0.153	0.611	0.244	0.000	0.000	0.000	0.000	0.000	0.000	0.208	0.762	0.327
arguments-test-nahjalbalagha	niccolo-machiavellie	2023-01-28-10-21-16	0.179	0.333	0.233	0.071	0.333	0.118	0.158	0.462	0.235	0.000	0.000	0.000	0.667	0.500	0.571	0.492	0.451	0.471	0.000	0.000	0.000	0.000	0.000	0.000	0.000	0.000	0.000	0.416	0.485	0.448	0.194	0.875	0.318	0.500	0.143	0.222	0.168	0.895	0.283	0.250	0.111	0.154	0.000	0.000	0.000	0.183	0.731	0.292	0.152	0.278	0.196	0.127	0.778	0.219	0.000	0.000	0.000	0.000	0.000	0.000	0.200	0.619	0.302
arguments-test-nahjalbalagha	noam-chomsky	2023-01-28-07-22-31	0.189	0.439	0.264	0.049	0.333	0.085	0.081	0.462	0.138	0.000	0.000	0.000	0.400	0.500	0.444	0.526	0.563	0.544	0.071	0.200	0.105	0.091	0.250	0.133	0.318	0.189	0.237	0.508	0.485	0.496	0.107	0.750	0.188	0.341	0.536	0.417	0.200	0.579	0.297	0.091	0.222	0.129	0.111	0.150	0.128	0.213	0.885	0.343	0.152	0.389	0.219	0.122	0.778	0.211	0.125	0.500	0.200	0.069	0.333	0.114	0.206	0.667	0.315
arguments-test-nahjalbalagha	noam-chomsky	2023-01-28-09-50-21	0.171	0.415	0.242	0.059	0.333	0.100	0.097	0.462	0.160	0.000	0.000	0.000	0.143	0.250	0.182	0.529	0.634	0.577	0.111	0.200	0.143	0.000	0.000	0.000	0.333	0.297	0.314	0.418	0.424	0.421	0.100	0.625	0.172	0.333	0.536	0.411	0.150	0.474	0.228	0.091	0.222	0.129	0.235	0.400	0.296	0.180	0.885	0.299	0.132	0.389	0.197	0.129	0.889	0.225	0.143	0.500	0.222	0.036	0.167	0.059	0.203	0.619	0.306
arguments-test-nahjalbalagha	prodicus	2023-01-27-19-11-49	0.246	0.373	0.296	0.100	0.500	0.167	0.229	0.615	0.333	0.000	0.000	0.000	1.000	0.250	0.400	0.564	0.620	0.591	0.000	0.000	0.000	0.000	0.000	0.000	0.500	0.297	0.373	0.490	0.364	0.417	0.162	0.750	0.267	0.485	0.571	0.525	0.167	0.632	0.264	0.050	0.111	0.069	0.000	0.000	0.000	0.265	0.692	0.383	0.375	0.333	0.353	0.143	0.556	0.227	0.000	0.000	0.000	0.100	0.500	0.167	0.292	0.667	0.406
arguments-test-nahjalbalagha	quintilian	2023-01-25-02-34-30	0.136	0.356	0.197	0.015	0.167	0.027	0.100	0.385	0.159	0.000	0.000	0.000	0.062	0.250	0.100	0.388	0.563	0.460	0.071	0.600	0.128	0.167	0.250	0.200	0.200	0.108	0.140	0.379	0.379	0.379	0.114	0.625	0.192	0.405	0.607	0.486	0.122	0.474	0.194	0.000	0.000	0.000	0.207	0.300	0.245	0.146	0.846	0.249	0.105	0.333	0.160	0.105	0.611	0.179	0.000	0.000	0.000	0.000	0.000	0.000	0.131	0.619	0.217
arguments-test-nahjalbalagha	r-m-hare	2023-01-28-12-35-33	0.236	0.586	0.337	0.044	0.500	0.081	0.219	0.538	0.311	0.091	1.000	0.167	0.333	0.500	0.400	0.620	0.620	0.620	0.050	0.400	0.089	0.214	0.750	0.333	0.386	0.730	0.505	0.485	0.500	0.493	0.175	0.875	0.292	0.385	0.536	0.448	0.120	0.895	0.211	0.105	0.222	0.143	0.375	0.150	0.214	0.171	0.808	0.282	0.137	0.722	0.230	0.169	0.611	0.265	0.500	0.500	0.500	0.000	0.000	0.000	0.146	0.857	0.250
arguments-test-nahjalbalagha	r-m-hare	2023-01-28-12-37-01	0.194	0.624	0.296	0.041	0.333	0.073	0.196	0.769	0.313	0.091	1.000	0.167	0.250	0.500	0.333	0.543	0.803	0.648	0.050	0.400	0.089	0.154	0.500	0.235	0.386	0.730	0.505	0.367	0.500	0.423	0.108	1.000	0.195	0.438	0.750	0.553	0.129	0.789	0.222	0.129	0.444	0.200	0.234	0.550	0.328	0.202	0.808	0.323	0.090	0.667	0.159	0.128	0.667	0.214	0.167	0.500	0.250	0.000	0.000	0.000	0.174	0.762	0.283
arguments-test-nahjalbalagha	r-m-hare	2023-01-28-12-45-21	0.157	0.315	0.210	0.026	0.333	0.049	0.013	0.077	0.022	0.091	1.000	0.167	0.000	0.000	0.000	0.175	0.239	0.202	0.050	0.400	0.089	0.000	0.000	0.000	0.386	0.730	0.505	0.485	0.500	0.493	0.000	0.000	0.000	0.043	0.071	0.054	0.054	0.105	0.071	0.000	0.000	0.000	0.375	0.150	0.214	0.000	0.000	0.000	0.137	0.722	0.230	0.162	0.611	0.256	1.000	0.500	0.667	0.000	0.000	0.000	0.146	0.857	0.250
arguments-test-nahjalbalagha	r-m-hare	2023-01-28-12-48-31	0.116	0.164	0.136	0.026	0.333	0.048	0.013	0.077	0.023	0.000	0.000	0.000	0.000	0.000	0.000	0.176	0.254	0.208	0.050	0.400	0.089	0.000	0.000	0.000	0.250	0.054	0.089	0.000	0.000	0.000	0.000	0.000	0.000	0.042	0.071	0.053	0.080	0.105	0.091	0.000	0.000	0.000	0.375	0.150	0.214	0.000	0.000	0.000	0.137	0.722	0.230	0.167	0.611	0.262	1.000	0.500	0.667	0.000	0.000	0.000	0.000	0.000	0.000
arguments-test-nahjalbalagha	robert-s-hartman	2023-01-27-15-04-09	0.285	0.418	0.339	0.053	0.167	0.080	0.286	0.462	0.353	0.333	0.500	0.400	0.400	0.500	0.444	0.606	0.606	0.606	0.143	0.200	0.167	0.000	0.000	0.000	0.762	0.432	0.552	0.525	0.318	0.396	0.194	0.750	0.308	0.467	0.250	0.326	0.152	0.526	0.235	0.188	0.333	0.240	0.267	0.200	0.229	0.189	0.769	0.303	0.161	0.500	0.243	0.159	0.611	0.253	0.500	0.500	0.500	0.042	0.167	0.067	0.267	0.571	0.364
arguments-test-nahjalbalagha	robert-s-hartman	2023-01-27-22-03-07	0.285	0.418	0.339	0.053	0.167	0.080	0.286	0.462	0.353	0.333	0.500	0.400	0.400	0.500	0.444	0.606	0.606	0.606	0.143	0.200	0.167	0.000	0.000	0.000	0.762	0.432	0.552	0.525	0.318	0.396	0.194	0.750	0.308	0.467	0.250	0.326	0.152	0.526	0.235	0.188	0.333	0.240	0.267	0.200	0.229	0.189	0.769	0.303	0.161	0.500	0.243	0.159	0.611	0.253	0.500	0.500	0.500	0.042	0.167	0.067	0.267	0.571	0.364
arguments-test-nahjalbalagha	seyyed-hossein-nasr	2023-01-28-00-25-42	0.169	0.462	0.247	0.043	0.333	0.075	0.147	0.385	0.213	0.000	0.000	0.000	0.333	0.500	0.400	0.533	0.676	0.596	0.071	0.400	0.121	0.000	0.000	0.000	0.200	0.081	0.115	0.426	0.348	0.383	0.111	0.625	0.189	0.280	0.250	0.264	0.127	0.842	0.221	0.111	0.333	0.167	0.148	0.450	0.222	0.181	0.654	0.283	0.105	0.667	0.182	0.129	0.833	0.224	0.200	0.500	0.286	0.068	0.500	0.120	0.159	0.857	0.269
arguments-test-nahjalbalagha	stanley-grenz	2023-01-26-21-29-57	0.247	0.382	0.300	0.081	0.500	0.140	0.163	0.615	0.258	0.000	0.000	0.000	0.667	0.500	0.571	0.582	0.648	0.613	0.000	0.000	0.000	0.000	0.000	0.000	0.833	0.135	0.233	0.429	0.409	0.419	0.158	0.750	0.261	0.417	0.536	0.469	0.167	0.632	0.264	0.067	0.111	0.083	0.250	0.050	0.083	0.265	0.692	0.383	0.212	0.389	0.275	0.132	0.500	0.209	0.200	0.500	0.286	0.000	0.000	0.000	0.311	0.667	0.424
arguments-test-nahjalbalagha	stanley-grenz	2023-01-27-23-36-29	0.248	0.387	0.302	0.074	0.333	0.121	0.364	0.615	0.457	0.000	0.000	0.000	0.667	0.500	0.571	0.628	0.690	0.658	0.000	0.000	0.000	0.000	0.000	0.000	0.417	0.135	0.204	0.564	0.470	0.512	0.171	0.875	0.286	0.423	0.393	0.407	0.161	0.737	0.264	0.111	0.111	0.111	0.167	0.050	0.077	0.278	0.769	0.408	0.159	0.389	0.226	0.154	0.556	0.241	0.333	0.500	0.400	0.000	0.000	0.000	0.283	0.619	0.388
arguments-test-nahjalbalagha	stanley-grenz	2023-01-28-00-23-57	0.287	0.393	0.332	0.043	0.167	0.069	0.211	0.308	0.250	0.333	0.500	0.400	0.667	0.500	0.571	0.571	0.676	0.619	0.000	0.000	0.000	0.000	0.000	0.000	0.636	0.189	0.292	0.522	0.364	0.429	0.146	0.750	0.245	0.536	0.536	0.536	0.177	0.737	0.286	0.182	0.222	0.200	0.250	0.050	0.083	0.268	0.846	0.407	0.143	0.333	0.200	0.153	0.500	0.234	0.333	0.500	0.400	0.250	0.167	0.200	0.324	0.524	0.400
arguments-test-nahjalbalagha	stanley-grenz	2023-01-28-23-50-12	0.296	0.421	0.348	0.105	0.333	0.160	0.273	0.692	0.391	0.000	0.000	0.000	0.286	0.500	0.364	0.581	0.704	0.637	0.333	0.200	0.250	0.000	0.000	0.000	0.500	0.216	0.302	0.492	0.470	0.481	0.149	0.875	0.255	0.407	0.393	0.400	0.175	0.737	0.283	0.222	0.222	0.222	0.429	0.150	0.222	0.233	0.769	0.357	0.179	0.389	0.246	0.224	0.611	0.328	1.000	0.500	0.667	0.000	0.000	0.000	0.326	0.667	0.438
arguments-test-nyt	adam-smith	2023-01-27-17-11-55	0.173	0.530	0.261	0.200	0.500	0.286	0.077	1.000	0.143	-	-	-	0.000	0.000	0.000	0.417	0.769	0.541	0.000	0.000	0.000	-	-	-	0.000	0.000	0.000	0.397	0.926	0.556	0.276	0.889	0.421	-	-	-	0.143	0.667	0.235	0.000	0.000	0.000	0.000	0.000	0.000	0.200	1.000	0.333	0.333	0.500	0.400	0.450	0.818	0.581	0.200	1.000	0.333	0.000	0.000	0.000	0.254	0.938	0.400
arguments-test-nyt	adam-smith	2023-01-27-18-19-40	0.191	0.449	0.268	0.250	0.500	0.333	0.100	1.000	0.182	-	-	-	0.000	0.000	0.000	0.455	0.385	0.417	0.000	0.000	0.000	-	-	-	0.000	0.000	0.000	0.436	0.889	0.585	0.364	0.889	0.516	-	-	-	0.125	0.333	0.182	0.000	0.000	0.000	0.000	0.000	0.000	0.143	0.400	0.211	0.250	0.417	0.312	0.500	0.818	0.621	0.333	1.000	0.500	0.000	0.000	0.000	0.296	1.000	0.457
arguments-test-nyt	adam-smith	2023-01-27-18-23-51	0.152	0.558	0.238	0.143	0.500	0.222	0.083	1.000	0.154	-	-	-	0.000	0.000	0.000	0.286	0.769	0.417	0.000	0.000	0.000	-	-	-	0.000	0.000	0.000	0.397	0.926	0.556	0.222	0.889	0.356	-	-	-	0.167	1.000	0.286	0.000	0.000	0.000	0.000	0.000	0.000	0.147	1.000	0.256	0.241	0.583	0.341	0.360	0.818	0.500	0.250	1.000	0.400	0.000	0.000	0.000	0.281	1.000	0.438
arguments-test-nyt	adam-smith	2023-01-27-19-18-13	0.161	0.574	0.251	0.111	0.500	0.182	0.091	1.000	0.167	-	-	-	0.000	0.000	0.000	0.286	0.769	0.417	0.000	0.000	0.000	-	-	-	0.000	0.000	0.000	0.403	1.000	0.574	0.242	0.889	0.381	-	-	-	0.158	1.000	0.273	0.000	0.000	0.000	0.200	0.200	0.200	0.152	1.000	0.263	0.269	0.583	0.368	0.360	0.818	0.500	0.200	1.000	0.333	0.000	0.000	0.000	0.262	1.000	0.416
arguments-test-nyt	aristotle	1-baseline	0.082	1.000	0.151	0.025	1.000	0.049	0.013	1.000	0.025	-	-	-	0.013	1.000	0.025	0.163	1.000	0.280	0.013	1.000	0.025	-	-	-	0.025	1.000	0.049	0.338	1.000	0.505	0.113	1.000	0.202	-	-	-	0.037	1.000	0.072	0.013	1.000	0.025	0.062	1.000	0.118	0.062	1.000	0.118	0.150	1.000	0.261	0.138	1.000	0.242	0.013	1.000	0.025	0.013	1.000	0.025	0.200	1.000	0.333
arguments-test-nyt	aristotle	BERT	0.202	0.286	0.237	0.000	0.000	0.000	0.000	0.000	0.000	-	-	-	0.000	0.000	0.000	0.375	0.231	0.286	0.000	0.000	0.000	-	-	-	0.000	0.000	0.000	0.422	0.704	0.528	0.316	0.667	0.429	-	-	-	0.000	0.000	0.000	0.000	0.000	0.000	1.000	0.400	0.571	0.167	0.600	0.261	0.300	0.250	0.273	0.294	0.455	0.357	0.333	1.000	0.500	0.000	0.000	0.000	0.220	0.562	0.316
arguments-test-nyt	aristotle	Random baseline	0.085	0.113	0.097	0.000	0.000	0.000	0.000	0.000	0.000	-	-	-	0.000	0.000	0.000	0.130	0.231	0.167	0.000	0.000	0.000	-	-	-	0.000	0.000	0.000	0.351	0.481	0.406	0.065	0.222	0.100	-	-	-	0.000	0.000	0.000	0.000	0.000	0.000	0.125	0.200	0.154	0.042	0.200	0.069	0.333	0.250	0.286	0.037	0.091	0.053	0.000	0.000	0.000	0.000	0.000	0.000	0.364	0.250	0.296
arguments-test-nyt	aristotle	SVM	0.137	0.144	0.141	0.000	0.000	0.000	0.000	0.000	0.000	-	-	-	0.000	0.000	0.000	0.125	0.077	0.095	0.000	0.000	0.000	-	-	-	0.000	0.000	0.000	0.333	0.259	0.292	0.111	0.111	0.111	-	-	-	0.100	0.333	0.154	0.000	0.000	0.000	0.000	0.000	0.000	0.000	0.000	0.000	0.250	0.083	0.125	0.250	0.455	0.323	1.000	1.000	1.000	0.000	0.000	0.000	0.167	0.125	0.143
arguments-test-nyt	arthur-caplan	2023-01-24-11-44-13	0.229	0.532	0.320	0.083	0.500	0.143	0.083	1.000	0.154	-	-	-	0.000	0.000	0.000	0.263	0.385	0.312	0.000	0.000	0.000	-	-	-	0.500	0.500	0.500	0.431	0.926	0.588	0.189	0.778	0.304	-	-	-	0.125	0.333	0.182	1.000	1.000	1.000	0.125	0.200	0.154	0.077	0.200	0.111	0.227	0.833	0.357	0.357	0.455	0.400	0.167	1.000	0.286	0.000	0.000	0.000	0.268	0.938	0.417
arguments-test-nyt	arthur-caplan	2023-01-24-13-52-11	0.209	0.666	0.318	0.077	0.500	0.133	0.048	1.000	0.091	-	-	-	0.000	0.000	0.000	0.346	0.692	0.462	0.091	1.000	0.167	-	-	-	0.333	0.500	0.400	0.386	1.000	0.557	0.156	0.778	0.259	-	-	-	0.087	0.667	0.154	1.000	1.000	1.000	0.111	0.200	0.143	0.080	0.400	0.133	0.204	0.833	0.328	0.265	0.818	0.400	0.143	1.000	0.250	0.000	0.000	0.000	0.221	0.938	0.357
arguments-test-nyt	arthur-caplan	2023-01-24-13-58-47	0.213	0.661	0.322	0.083	0.500	0.143	0.053	1.000	0.100	-	-	-	0.000	0.000	0.000	0.346	0.692	0.462	0.091	1.000	0.167	-	-	-	0.333	0.500	0.400	0.391	1.000	0.562	0.163	0.778	0.269	-	-	-	0.105	0.667	0.182	1.000	1.000	1.000	0.111	0.200	0.143	0.083	0.400	0.138	0.213	0.833	0.339	0.242	0.727	0.364	0.167	1.000	0.286	0.000	0.000	0.000	0.234	0.938	0.375
arguments-test-nyt	augustine-of-hippo	2023-01-27-09-49-38	0.114	0.501	0.186	0.333	0.500	0.400	0.053	1.000	0.100	-	-	-	0.000	0.000	0.000	0.222	0.769	0.345	0.000	0.000	0.000	-	-	-	0.000	0.000	0.000	0.351	0.963	0.515	0.151	0.889	0.258	-	-	-	0.095	0.667	0.167	0.000	0.000	0.000	0.000	0.000	0.000	0.105	0.800	0.186	0.200	0.417	0.270	0.140	0.636	0.230	0.056	1.000	0.105	0.000	0.000	0.000	0.230	0.875	0.364
arguments-test-nyt	confucius	2023-01-20-15-47-59	0.213	0.572	0.310	0.111	0.500	0.182	0.091	1.000	0.167	-	-	-	0.000	0.000	0.000	0.346	0.692	0.462	0.111	1.000	0.200	-	-	-	0.000	0.000	0.000	0.404	0.852	0.548	0.226	0.778	0.350	-	-	-	0.125	0.333	0.182	1.000	1.000	1.000	0.000	0.000	0.000	0.080	0.400	0.133	0.237	0.750	0.360	0.400	0.545	0.462	0.250	1.000	0.400	0.000	0.000	0.000	0.241	0.875	0.378
arguments-test-nyt	mao-zedong	2023-01-24-03-43-05	0.209	0.672	0.318	0.143	0.500	0.222	0.067	1.000	0.125	-	-	-	0.000	0.000	0.000	0.381	0.615	0.471	0.167	1.000	0.286	-	-	-	0.143	0.500	0.222	0.381	0.889	0.533	0.280	0.778	0.412	-	-	-	0.188	1.000	0.316	0.333	1.000	0.500	0.125	0.200	0.154	0.130	0.600	0.214	0.263	0.833	0.400	0.500	0.636	0.560	0.200	1.000	0.333	0.000	0.000	0.000	0.246	0.875	0.384
arguments-test-nyt	mao-zedong	2023-01-24-03-43-34	0.194	0.600	0.293	0.167	0.500	0.250	0.111	1.000	0.200	-	-	-	0.000	0.000	0.000	0.310	0.692	0.429	0.125	1.000	0.222	-	-	-	0.000	0.000	0.000	0.397	0.852	0.541	0.226	0.778	0.350	-	-	-	0.222	0.667	0.333	0.500	1.000	0.667	0.125	0.200	0.154	0.091	0.600	0.158	0.184	0.583	0.280	0.312	0.455	0.370	0.250	1.000	0.400	0.000	0.000	0.000	0.275	0.875	0.418
arguments-test-nyt	mao-zedong	2023-01-26-05-37-35	0.197	0.530	0.287	0.100	0.500	0.167	0.125	1.000	0.222	-	-	-	0.000	0.000	0.000	0.400	0.615	0.485	0.000	0.000	0.000	-	-	-	0.000	0.000	0.000	0.371	0.852	0.517	0.161	0.556	0.250	-	-	-	0.222	0.667	0.333	0.500	1.000	0.667	0.200	0.200	0.200	0.136	0.600	0.222	0.273	0.750	0.400	0.417	0.455	0.435	0.200	1.000	0.333	0.000	0.000	0.000	0.245	0.812	0.377
arguments-test-nyt	niccolo-machiavellie	2023-01-28-10-05-32	0.228	0.282	0.252	0.500	0.500	0.500	0.000	0.000	0.000	-	-	-	0.000	0.000	0.000	0.368	0.538	0.438	0.000	0.000	0.000	-	-	-	0.000	0.000	0.000	0.485	0.593	0.533	0.278	0.556	0.370	-	-	-	0.000	0.000	0.000	0.000	0.000	0.000	0.000	0.000	0.000	0.083	0.200	0.118	0.400	0.167	0.235	0.462	0.545	0.500	1.000	1.000	1.000	0.000	0.000	0.000	0.306	0.688	0.423
arguments-test-nyt	niccolo-machiavellie	2023-01-28-10-21-34	0.168	0.264	0.205	0.333	0.500	0.400	0.000	0.000	0.000	-	-	-	0.000	0.000	0.000	0.333	0.615	0.432	0.000	0.000	0.000	-	-	-	0.000	0.000	0.000	0.500	0.667	0.571	0.263	0.556	0.357	-	-	-	0.111	0.333	0.167	0.000	0.000	0.000	0.000	0.000	0.000	0.000	0.000	0.000	0.250	0.167	0.200	0.333	0.273	0.300	0.500	1.000	0.667	0.000	0.000	0.000	0.231	0.375	0.286
arguments-test-nyt	quintilian	2023-01-25-20-23-28	0.055	0.647	0.102	0.025	1.000	0.049	0.013	1.000	0.026	-	-	-	0.013	1.000	0.025	0.163	1.000	0.280	0.013	1.000	0.025	-	-	-	0.000	0.000	0.000	0.338	1.000	0.505	0.000	0.000	0.000	-	-	-	0.037	1.000	0.072	0.000	0.000	0.000	0.062	1.000	0.118	0.062	1.000	0.118	0.000	0.000	0.000	0.000	0.000	0.000	0.000	0.000	0.000	0.013	1.000	0.025	0.200	1.000	0.333
arguments-test-nyt	r-m-hare	2023-01-28-12-31-59	0.164	0.481	0.245	0.000	0.000	0.000	0.050	1.000	0.095	-	-	-	0.000	0.000	0.000	0.000	0.000	0.000	0.250	1.000	0.400	-	-	-	0.000	0.000	0.000	0.413	0.963	0.578	0.280	0.778	0.412	-	-	-	0.087	0.667	0.154	0.000	0.000	0.000	0.333	0.200	0.250	0.138	0.800	0.235	0.188	0.500	0.273	0.583	0.636	0.609	0.250	1.000	0.400	0.000	0.000	0.000	0.222	0.625	0.328
arguments-test-nyt	r-m-hare	2023-01-28-12-35-50	0.200	0.553	0.293	0.222	1.000	0.364	0.000	0.000	0.000	-	-	-	0.000	0.000	0.000	0.250	0.231	0.240	0.250	1.000	0.400	-	-	-	0.000	0.000	0.000	0.413	0.963	0.578	0.280	0.778	0.412	-	-	-	0.133	0.667	0.222	0.333	1.000	0.500	0.333	0.200	0.250	0.138	0.800	0.235	0.188	0.500	0.273	0.467	0.636	0.538	0.167	1.000	0.286	0.000	0.000	0.000	0.222	0.625	0.328
arguments-test-nyt	r-m-hare	2023-01-28-12-37-55	0.242	0.581	0.342	0.143	0.500	0.222	0.125	1.000	0.222	-	-	-	0.000	0.000	0.000	0.345	0.769	0.476	0.250	1.000	0.400	-	-	-	0.000	0.000	0.000	0.383	0.852	0.529	0.304	0.778	0.438	-	-	-	0.125	0.333	0.182	1.000	1.000	1.000	0.200	0.200	0.200	0.069	0.400	0.118	0.184	0.750	0.295	0.545	0.545	0.545	0.200	1.000	0.333	0.000	0.000	0.000	0.240	0.750	0.364
arguments-test-nyt	r-m-hare	2023-01-28-12-45-41	0.140	0.388	0.205	0.000	0.000	0.000	0.050	1.000	0.095	-	-	-	0.000	0.000	0.000	0.000	0.000	0.000	0.250	1.000	0.400	-	-	-	0.000	0.000	0.000	0.413	0.963	0.578	0.000	0.000	0.000	-	-	-	0.087	0.667	0.154	0.000	0.000	0.000	0.333	0.200	0.250	0.000	0.000	0.000	0.188	0.500	0.273	0.583	0.636	0.609	0.250	1.000	0.400	0.000	0.000	0.000	0.222	0.625	0.328
arguments-test-nyt	r-m-hare	2023-01-28-12-49-04	0.185	0.357	0.244	0.000	0.000	0.000	0.048	1.000	0.091	-	-	-	0.000	0.000	0.000	0.000	0.000	0.000	0.250	1.000	0.400	-	-	-	0.000	0.000	0.000	0.000	0.000	0.000	0.000	0.000	0.000	-	-	-	0.091	0.667	0.160	0.200	1.000	0.333	0.333	0.200	0.250	0.000	0.000	0.000	0.188	0.500	0.273	0.538	0.636	0.583	0.500	1.000	0.667	0.000	0.000	0.000	1.000	0.062	0.118
arguments-test-nyt	robert-s-hartman	2023-01-27-23-37-15	0.132	0.324	0.188	0.000	0.000	0.000	0.111	1.000	0.200	-	-	-	0.000	0.000	0.000	0.200	0.231	0.214	0.000	0.000	0.000	-	-	-	0.000	0.000	0.000	0.440	0.815	0.571	0.286	0.667	0.400	-	-	-	0.000	0.000	0.000	0.000	0.000	0.000	0.000	0.000	0.000	0.111	0.200	0.143	0.333	0.417	0.370	0.308	0.364	0.333	0.167	1.000	0.286	0.000	0.000	0.000	0.289	0.812	0.426
arguments-test-nyt	seyyed-hossein-nasr	2023-01-28-11-19-55	0.162	0.495	0.244	0.062	0.500	0.111	0.000	0.000	0.000	-	-	-	0.000	0.000	0.000	0.214	0.462	0.293	0.000	0.000	0.000	-	-	-	0.250	0.500	0.333	0.417	0.926	0.575	0.194	0.778	0.311	-	-	-	0.143	0.667	0.235	0.500	1.000	0.667	0.000	0.000	0.000	0.130	0.600	0.214	0.212	0.583	0.311	0.192	0.455	0.270	0.200	1.000	0.333	0.000	0.000	0.000	0.238	0.938	0.380
